feature_set,feature,p_value,rank_biserial,abs_rank_biserial,mean_controls,mean_impaired,rank,selected
mw_top_5,Lacrimispora,3.6187730099930453e-09,-0.3244909502262443,0.3244909502262443,0.093501625,0.040114751131221725,1,True
mw_top_5,Holdemania,3.920689237140851e-09,-0.33840497737556563,0.33840497737556563,0.028190749999999997,0.01265900452488688,2,True
mw_top_5,Bacteroides,4.7265480390566385e-09,-0.3514705882352941,0.3514705882352941,8.8510471875,5.562548371040724,3,True
mw_top_5,Lachnospira,1.3084296287405654e-08,-0.34032805429864255,0.34032805429864255,1.9907521875,0.9428032126696833,4,True
mw_top_5,GGB9064,1.0095452036639039e-07,-0.23597285067873308,0.23597285067873308,0.018768812500000003,0.0028065610859728503,5,True
mw_top_15,Lacrimispora,3.6187730099930453e-09,-0.3244909502262443,0.3244909502262443,0.093501625,0.040114751131221725,1,True
mw_top_15,Holdemania,3.920689237140851e-09,-0.33840497737556563,0.33840497737556563,0.028190749999999997,0.01265900452488688,2,True
mw_top_15,Bacteroides,4.7265480390566385e-09,-0.3514705882352941,0.3514705882352941,8.8510471875,5.562548371040724,3,True
mw_top_15,Lachnospira,1.3084296287405654e-08,-0.34032805429864255,0.34032805429864255,1.9907521875,0.9428032126696833,4,True
mw_top_15,GGB9064,1.0095452036639039e-07,-0.23597285067873308,0.23597285067873308,0.018768812500000003,0.0028065610859728503,5,True
mw_top_15,GGB9614,2.7397902235090835e-07,-0.2541289592760181,0.2541289592760181,0.032974187499999995,0.013680769230769229,6,True
mw_top_15,Veillonella,8.516813618499236e-07,-0.2514423076923077,0.2514423076923077,0.08438812500000001,0.061065610859728496,7,True
mw_top_15,Blautia,1.0356145322913574e-06,0.29315610859728514,0.29315610859728514,6.7613943125,10.485767918552034,8,True
mw_top_15,Lawsonibacter,2.6946013021799495e-06,-0.2802319004524887,0.2802319004524887,0.13442418750000001,0.0949254298642534,9,True
mw_top_15,Roseburia,2.713197189615765e-06,-0.2815045248868778,0.2815045248868778,2.9933901874999997,1.8386548416289594,10,True
mw_top_15,Butyricimonas,2.8040546441438425e-06,-0.24785067873303168,0.24785067873303168,0.07359624999999999,0.03469628959276018,11,True
mw_top_15,GGB3828,2.901683944011345e-06,-0.16473416289592757,0.16473416289592757,0.0033685624999999996,0.00048330316742081444,12,True
mw_top_15,Hydrogenoanaerobacterium,3.297671510272249e-06,-0.24917986425339367,0.24917986425339367,0.029288500000000002,0.014578778280542987,13,True
mw_top_15,Odoribacter,4.845796635472992e-06,-0.26730769230769236,0.26730769230769236,0.22225068750000002,0.15097864253393664,14,True
mw_top_15,Bilophila,5.0865847732889884e-06,-0.2630090497737556,0.2630090497737556,0.095015375,0.057941990950226244,15,True
mw_top_20,Lacrimispora,3.6187730099930453e-09,-0.3244909502262443,0.3244909502262443,0.093501625,0.040114751131221725,1,True
mw_top_20,Holdemania,3.920689237140851e-09,-0.33840497737556563,0.33840497737556563,0.028190749999999997,0.01265900452488688,2,True
mw_top_20,Bacteroides,4.7265480390566385e-09,-0.3514705882352941,0.3514705882352941,8.8510471875,5.562548371040724,3,True
mw_top_20,Lachnospira,1.3084296287405654e-08,-0.34032805429864255,0.34032805429864255,1.9907521875,0.9428032126696833,4,True
mw_top_20,GGB9064,1.0095452036639039e-07,-0.23597285067873308,0.23597285067873308,0.018768812500000003,0.0028065610859728503,5,True
mw_top_20,GGB9614,2.7397902235090835e-07,-0.2541289592760181,0.2541289592760181,0.032974187499999995,0.013680769230769229,6,True
mw_top_20,Veillonella,8.516813618499236e-07,-0.2514423076923077,0.2514423076923077,0.08438812500000001,0.061065610859728496,7,True
mw_top_20,Blautia,1.0356145322913574e-06,0.29315610859728514,0.29315610859728514,6.7613943125,10.485767918552034,8,True
mw_top_20,Lawsonibacter,2.6946013021799495e-06,-0.2802319004524887,0.2802319004524887,0.13442418750000001,0.0949254298642534,9,True
mw_top_20,Roseburia,2.713197189615765e-06,-0.2815045248868778,0.2815045248868778,2.9933901874999997,1.8386548416289594,10,True
mw_top_20,Butyricimonas,2.8040546441438425e-06,-0.24785067873303168,0.24785067873303168,0.07359624999999999,0.03469628959276018,11,True
mw_top_20,GGB3828,2.901683944011345e-06,-0.16473416289592757,0.16473416289592757,0.0033685624999999996,0.00048330316742081444,12,True
mw_top_20,Hydrogenoanaerobacterium,3.297671510272249e-06,-0.24917986425339367,0.24917986425339367,0.029288500000000002,0.014578778280542987,13,True
mw_top_20,Odoribacter,4.845796635472992e-06,-0.26730769230769236,0.26730769230769236,0.22225068750000002,0.15097864253393664,14,True
mw_top_20,Bilophila,5.0865847732889884e-06,-0.2630090497737556,0.2630090497737556,0.095015375,0.057941990950226244,15,True
mw_top_20,GGB33586,5.788817992174596e-06,-0.2320984162895927,0.2320984162895927,0.0109435,0.006899999999999999,16,True
mw_top_20,GGB9063,6.1765227222911855e-06,-0.19315610859728505,0.19315610859728505,0.0176395625,0.006203303167420815,17,True
mw_top_20,Oscillibacter,7.446026515085667e-06,-0.26809954751131226,0.26809954751131226,0.880172125,0.5244781900452489,18,True
mw_top_20,Clostridium,1.2485508466484898e-05,-0.2621889140271493,0.2621889140271493,1.39145325,1.1391134389140272,19,True
mw_top_20,GGB9559,1.619496413929689e-05,-0.21971153846153846,0.21971153846153846,0.016509812500000002,0.011889366515837106,20,True
all_features,Abiotrophia,,,,0.0,2.7058823529411766e-05,1,True
all_features,Absicoccus,,,,0.00194925,0.0,2,True
all_features,Acetivibrio,,,,0.0006786875,0.002061945701357466,3,True
all_features,Acidaminococcus,,,,0.029530125,0.0738633031674208,4,True
all_features,Acidipropionibacterium,,,,6.11875e-05,0.0,5,True
all_features,Acinetobacter,,,,0.0,9.375565610859727e-05,6,True
all_features,Actinobaculum,,,,1.89375e-05,0.00015131221719457013,7,True
all_features,Actinomyces,,,,0.0076716875000000006,0.008379638009049775,8,True
all_features,Adlercreutzia,,,,0.1538868125,0.13026850678733032,9,True
all_features,Aeromonas,,,,0.0,0.0016033484162895927,10,True
all_features,Agathobaculum,,,,0.2935610625,0.23333760180995475,11,True
all_features,Aggregatibacter,,,,0.00022162499999999998,5.547511312217195e-05,12,True
all_features,Akkermansia,,,,0.9210216875,1.761557918552036,13,True
all_features,Alistipes,,,,3.629347,2.5599418099547515,14,True
all_features,Allisonella,,,,0.002655625,0.0028323981900452485,15,True
all_features,Allobaculum,,,,0.0,0.00045466063348416287,16,True
all_features,Alloprevotella,,,,0.0,1.5339366515837103e-05,17,True
all_features,Alloscardovia,,,,0.0008266250000000001,0.0008604524886877828,18,True
all_features,Alterileibacterium,,,,1.38125e-05,0.00017108597285067872,19,True
all_features,Amedibacillus,,,,0.018005812500000003,0.01587846153846154,20,True
all_features,Amedibacterium,,,,0.003178875,0.029841176470588236,21,True
all_features,Anaerobutyricum,,,,0.669419375,1.0779335294117647,22,True
all_features,Anaerococcus,,,,0.0007316875,0.0020528506787330317,23,True
all_features,Anaerofilum,,,,0.0014966250000000001,0.0020428054298642535,24,True
all_features,Anaerofustis,,,,0.0031573125,0.007834570135746607,25,True
all_features,Anaeromassilibacillus,,,,0.014765187499999999,0.015305972850678732,26,True
all_features,Anaerosacchariphilus,,,,0.0027278124999999998,0.0007570135746606334,27,True
all_features,Anaerosporobacter,,,,0.0,3.438914027149321e-05,28,True
all_features,Anaerostipes,,,,1.1539714374999999,1.4080278280542986,29,True
all_features,Anaerotignum,,,,0.0790349375,0.059374162895927604,30,True
all_features,Anaerotruncus,,,,0.031788000000000004,0.03812733031674207,31,True
all_features,Anaerovibrio,,,,0.0255793125,0.0,32,True
all_features,Anaerovorax,,,,0.0031658749999999994,0.005238054298642534,33,True
all_features,Angelakisella,,,,0.00039987499999999995,0.00016285067873303164,34,True
all_features,Bacilliculturomica,,,,4.70625e-05,0.0,35,True
all_features,Bacteria_unclassified,,,,0.021751437499999998,0.012324705882352942,36,True
all_features,Bacteroidales_unclassified,,,,0.014257937500000002,0.01002918552036199,37,True
all_features,Bacteroides,,,,8.8510471875,5.562548371040724,38,True
all_features,Baileyella,,,,0.0005011875,0.0,39,True
all_features,Bariatricus,,,,0.0016607500000000001,0.012530950226244342,40,True
all_features,Barnesiella,,,,0.6192961875,0.3162393665158371,41,True
all_features,Bianquea,,,,0.014124062500000001,0.010734389140271493,42,True
all_features,Bifidobacterium,,,,2.0579898125,1.6900285067873304,43,True
all_features,Bilophila,,,,0.095015375,0.057941990950226244,44,True
all_features,Bittarella,,,,0.0014317499999999999,0.001605475113122172,45,True
all_features,Blastocystis,,,,0.011076375,0.00679185520361991,46,True
all_features,Blautia,,,,6.7613943125,10.485767918552034,47,True
all_features,Brachyspira,,,,0.006669,0.011024932126696833,48,True
all_features,Bradyrhizobium,,,,2.8624999999999998e-05,0.0,49,True
all_features,Brochothrix,,,,0.0,0.0010011764705882354,50,True
all_features,Brotolimicola,,,,0.39879375,0.3775700904977376,51,True
all_features,Brucella,,,,0.0008883125,0.0002950226244343891,52,True
all_features,Burkholderiaceae_unclassified,,,,5.99375e-05,5.149321266968326e-05,53,True
all_features,Butyricicoccus,,,,0.06547093749999999,0.006857013574660634,54,True
all_features,Butyricimonas,,,,0.07359624999999999,0.03469628959276018,55,True
all_features,Butyrivibrio,,,,0.17479143749999998,0.11890719457013574,56,True
all_features,Campylobacter,,,,7.868750000000001e-05,0.00030488687782805426,57,True
all_features,Candidatus_Borkfalkia,,,,0.014737749999999999,0.007633122171945703,58,True
all_features,Candidatus_Cibionibacter,,,,1.005662875,1.0912060180995475,59,True
all_features,Candidatus_Gastranaerophilales_unclassified,,,,0.290607375,0.10269515837104072,60,True
all_features,Candidatus_Methanomethylophilus,,,,0.0057328125,0.006911176470588235,61,True
all_features,Candidatus_Nanosynbacter,,,,0.0,0.0002512217194570136,62,True
all_features,Candidatus_Nanosynsacchari,,,,8.8875e-05,9.348416289592761e-05,63,True
all_features,Candidatus_Saccharibacteria_unclassified,,,,0.0036161875000000005,0.0027802714932126694,64,True
all_features,Candidatus_Soleaferrea,,,,2.59375e-05,0.00016072398190045248,65,True
all_features,Candidatus_Stoquefichus,,,,0.0143001875,9.158371040723982e-05,66,True
all_features,Capnocytophaga,,,,0.0,2.16289592760181e-05,67,True
all_features,Carnobacterium,,,,2.28125e-05,0.0,68,True
all_features,Catenibacillus,,,,0.0017905625,0.0007978280542986425,69,True
all_features,Catenibacterium,,,,0.0743788125,0.13442398190045246,70,True
all_features,Cellulosimicrobium,,,,6.90625e-05,0.0,71,True
all_features,Christensenella,,,,0.0034519999999999993,0.0033265610859728512,72,True
all_features,Christensenellaceae_unclassified,,,,0.00040281250000000007,0.00028135746606334843,73,True
all_features,Citrobacter,,,,0.0020221875,0.003914977375565611,74,True
all_features,Cloacibacillus,,,,0.027075312499999997,0.013074841628959276,75,True
all_features,Clostridia_unclassified,,,,0.04656006249999999,0.06607972850678732,76,True
all_features,Clostridiaceae_unclassified,,,,1.138349,1.0413886425339365,77,True
all_features,Clostridioides,,,,6.05625e-05,0.0,78,True
all_features,Clostridium,,,,1.39145325,1.1391134389140272,79,True
all_features,Colidextribacter,,,,0.0058358125,0.005666561085972851,80,True
all_features,Collinsella,,,,0.71948925,1.2243055656108597,81,True
all_features,Comamonas,,,,0.00102725,0.0,82,True
all_features,Companilactobacillus,,,,3.04375e-05,0.0,83,True
all_features,Congzhengia,,,,0.005125687499999999,0.0035909954751131216,84,True
all_features,Coprobacillus,,,,0.01685525,0.02656099547511312,85,True
all_features,Coprobacter,,,,0.043284062500000005,0.04500271493212668,86,True
all_features,Coprococcus,,,,1.2730228125,1.3958538461538461,87,True
all_features,Corynebacterium,,,,0.00010443750000000001,0.00026561085972850676,88,True
all_features,Culturomica,,,,0.0001606875,0.023931674208144797,89,True
all_features,Cuneatibacter,,,,0.006629875,0.007643846153846155,90,True
all_features,Cupriavidus,,,,0.0002638125,1.1447963800904978e-05,91,True
all_features,Dakarella,,,,0.023059749999999997,0.0053939819004524886,92,True
all_features,Debaryomyces,,,,5.4375e-06,0.0,93,True
all_features,Dellaglioa,,,,0.0,0.000145972850678733,94,True
all_features,Desulfovibrio,,,,0.056623437500000005,0.053597285067873306,95,True
all_features,Dialister,,,,0.9639068749999999,0.7394366063348417,96,True
all_features,Dielma,,,,0.001474375,0.0006458823529411765,97,True
all_features,Diplocloster,,,,0.00074275,0.0028275565610859726,98,True
all_features,Dorea,,,,1.0536661875,1.385667601809955,99,True
all_features,Drancourtella,,,,0.0031215,0.00922022624434389,100,True
all_features,Duncaniella,,,,0.0025180625000000003,0.0,101,True
all_features,Duodenibacillus,,,,0.0872160625,0.02285796380090498,102,True
all_features,Dysosmobacter,,,,0.20860337500000004,0.15519298642533938,103,True
all_features,Eggerthella,,,,0.21074143750000002,0.2753827149321267,104,True
all_features,Eggerthellaceae_unclassified,,,,8.0625e-06,0.0,105,True
all_features,Eisenbergiella,,,,0.0923815625,0.06051194570135747,106,True
all_features,Ellagibacter,,,,0.0223278125,0.025236244343891406,107,True
all_features,Emergencia,,,,0.0128165,0.02108334841628959,108,True
all_features,Enorma,,,,0.005058249999999999,0.0026957013574660633,109,True
all_features,Enterobacter,,,,0.04390143750000001,0.03643357466063349,110,True
all_features,Enterocloster,,,,0.2899895625,0.2042985067873303,111,True
all_features,Enterococcus,,,,0.0430610625,0.05348185520361991,112,True
all_features,Enteroscipio,,,,0.003169375,0.0017075113122171947,113,True
all_features,Erysipelatoclostridium,,,,0.19837081250000002,0.3659529411764706,114,True
all_features,Erysipelotrichaceae_unclassified,,,,0.010527,0.0454164705882353,115,True
all_features,Escherichia,,,,0.5061738749999999,0.40928384615384616,116,True
all_features,Eubacteriaceae_unclassified,,,,0.2270095,0.14936058823529416,117,True
all_features,Eubacteriales_Family_XIII_Incertae_Sedis_unclassified,,,,0.0008064999999999999,0.0005421719457013575,118,True
all_features,Eubacteriales_unclassified,,,,0.4593073125,0.4831950678733031,119,True
all_features,Eubacterium,,,,0.357672125,0.4785933936651584,120,True
all_features,Evtepia,,,,0.13809787499999998,0.2430353846153846,121,True
all_features,Extibacter,,,,0.0,3.7647058823529415e-05,122,True
all_features,Faecalibacillus,,,,0.43093587499999997,0.47011959276018106,123,True
all_features,Faecalibacterium,,,,4.5385219375000005,3.323962262443439,124,True
all_features,Faecalicatena,,,,0.21798443750000002,0.17864624434389137,125,True
all_features,Faecalicoccus,,,,0.0011600625,0.007240769230769231,126,True
all_features,Faecalimonas,,,,0.07640218750000001,0.08451307692307691,127,True
all_features,Faecalitalea,,,,0.008439812500000001,0.15587009049773756,128,True
all_features,Feifania,,,,0.0002205625,6.552036199095023e-05,129,True
all_features,Fenollaria,,,,0.0007105,0.00011678733031674208,130,True
all_features,Finegoldia,,,,0.0,0.0006143438914027149,131,True
all_features,Firmicutes_unclassified,,,,0.10673362499999998,0.17966457013574655,132,True
all_features,Flavonifractor,,,,0.1410744375,0.09331303167420815,133,True
all_features,Fournierella,,,,0.00177275,0.0009170588235294119,134,True
all_features,Frisingicoccus,,,,0.030527875000000003,0.0465258371040724,135,True
all_features,Fructilactobacillus,,,,0.00045650000000000004,1.4298642533936651e-05,136,True
all_features,Fumia,,,,0.00034100000000000005,0.0008647058823529412,137,True
all_features,Fusicatenibacter,,,,1.3854571249999998,1.5289561990950227,138,True
all_features,Fusobacterium,,,,0.0048001875,0.0009288687782805429,139,True
all_features,Gardnerella,,,,0.000138,0.0004055656108597285,140,True
all_features,Gehongia,,,,2.6250000000000003e-06,3.484162895927602e-06,141,True
all_features,Gemella,,,,0.0006409375,0.0036404524886877823,142,True
all_features,Gemmiger,,,,1.0276451875000001,0.8661707692307692,143,True
all_features,GGB1010,,,,5.3124999999999995e-06,0.0,144,True
all_features,GGB105,,,,0.001453125,0.00025665158371040726,145,True
all_features,GGB1066,,,,0.0,0.005098009049773756,146,True
all_features,GGB10692,,,,0.002778,0.0009752036199095022,147,True
all_features,GGB10693,,,,0.0033010625,0.003943574660633485,148,True
all_features,GGB10708,,,,0.0,0.011259592760180997,149,True
all_features,GGB1093,,,,0.002310125,0.0124637556561086,150,True
all_features,GGB1096,,,,0.0025165625,0.0021172398190045247,151,True
all_features,GGB1101,,,,0.0,0.010412262443438914,152,True
all_features,GGB1102,,,,0.0048469375000000006,0.0,153,True
all_features,GGB1109,,,,5.3124999999999995e-06,0.0,154,True
all_features,GGB1110,,,,0.0029962499999999998,0.04537891402714932,155,True
all_features,GGB1116,,,,0.0,0.00065,156,True
all_features,GGB1123,,,,0.0961131875,0.00047687782805429864,157,True
all_features,GGB1146,,,,0.0219464375,0.046608235294117645,158,True
all_features,GGB1147,,,,0.040424875,0.00020366515837104074,159,True
all_features,GGB1148,,,,0.013282312499999999,0.00011049773755656108,160,True
all_features,GGB1153,,,,0.01272725,0.009514298642533937,161,True
all_features,GGB1154,,,,0.0092750625,0.006333665158371041,162,True
all_features,GGB1215,,,,0.0008110624999999999,0.0001914932126696833,163,True
all_features,GGB1219,,,,0.0,0.018865972850678734,164,True
all_features,GGB1221,,,,0.0,0.00023271493212669681,165,True
all_features,GGB1223,,,,0.0,0.0016334841628959276,166,True
all_features,GGB12293,,,,0.0,0.002044570135746606,167,True
all_features,GGB1239,,,,0.0061715,0.057147601809954755,168,True
all_features,GGB1243,,,,0.002049375,9.131221719457013e-05,169,True
all_features,GGB1246,,,,0.0022979375,0.00015076923076923077,170,True
all_features,GGB1247,,,,0.050027375000000006,0.012086108597285069,171,True
all_features,GGB1248,,,,0.011235499999999999,0.0028635746606334844,172,True
all_features,GGB1249,,,,0.0001794375,0.00047542986425339365,173,True
all_features,GGB1256,,,,0.053255750000000004,0.0,174,True
all_features,GGB1264,,,,2.9062499999999998e-05,0.08963339366515836,175,True
all_features,GGB1266,,,,0.01961,0.06643239819004525,176,True
all_features,GGB12785,,,,0.000505125,0.0001782352941176471,177,True
all_features,GGB12786,,,,0.0,5.4298642533936655e-05,178,True
all_features,GGB12788,,,,0.0,7.339366515837103e-05,179,True
all_features,GGB12972,,,,0.0,0.0033361538461538463,180,True
all_features,GGB12985,,,,0.00126975,0.00015285067873303167,181,True
all_features,GGB13009,,,,0.0,0.0007829864253393665,182,True
all_features,GGB13020,,,,0.0,0.0015485520361990949,183,True
all_features,GGB13147,,,,0.02039475,0.0015872398190045248,184,True
all_features,GGB13283,,,,0.0031019375,0.009811357466063346,185,True
all_features,GGB1331,,,,0.0034083749999999995,0.0,186,True
all_features,GGB1332,,,,0.004771875,0.0018220361990950226,187,True
all_features,GGB13357,,,,0.0,0.0022758823529411766,188,True
all_features,GGB13393,,,,0.00019668749999999998,0.0,189,True
all_features,GGB13402,,,,0.001137875,0.004827194570135747,190,True
all_features,GGB13404,,,,0.0069559375,0.0017415384615384615,191,True
all_features,GGB1341,,,,0.0,0.00026266968325791855,192,True
all_features,GGB13437,,,,0.0002470625,0.0,193,True
all_features,GGB1345,,,,0.0,0.000992081447963801,194,True
all_features,GGB13463,,,,4.8125e-06,0.0005846153846153847,195,True
all_features,GGB13472,,,,2.7062499999999997e-05,0.0,196,True
all_features,GGB13489,,,,0.028097249999999997,0.01873235294117647,197,True
all_features,GGB13493,,,,0.009476937500000001,0.0032534841628959277,198,True
all_features,GGB13532,,,,0.00054575,0.000810497737556561,199,True
all_features,GGB1355,,,,0.0022293125,0.0,200,True
all_features,GGB13727,,,,0.0009160625,0.0026257466063348417,201,True
all_features,GGB13743,,,,0.001667375,0.0,202,True
all_features,GGB1379,,,,0.0003843125,0.0,203,True
all_features,GGB1380,,,,0.0004593125,0.0014400452488687783,204,True
all_features,GGB13818,,,,0.00984975,0.0019157466063348416,205,True
all_features,GGB1385,,,,0.0029319375,0.0,206,True
all_features,GGB1387,,,,0.14186893750000001,0.00634579185520362,207,True
all_features,GGB14016,,,,0.0,0.006185927601809954,208,True
all_features,GGB1405,,,,0.00139475,0.0021432579185520365,209,True
all_features,GGB1418,,,,0.00047256250000000005,0.021736470588235295,210,True
all_features,GGB1420,,,,0.08379168749999999,0.021909276018099548,211,True
all_features,GGB1421,,,,0.001602,0.002673755656108597,212,True
all_features,GGB1425,,,,0.0,1.6199095022624435e-05,213,True
all_features,GGB1456,,,,2.9062499999999998e-05,0.00010900452488687783,214,True
all_features,GGB1458,,,,0.05855056249999999,0.022732986425339365,215,True
all_features,GGB1492,,,,0.0,0.000463393665158371,216,True
all_features,GGB1495,,,,0.184491125,0.14106610859728505,217,True
all_features,GGB1496,,,,0.0,0.0007452488687782805,218,True
all_features,GGB1497,,,,0.06483393750000001,0.01195972850678733,219,True
all_features,GGB1503,,,,0.0,0.0003276018099547512,220,True
all_features,GGB1505,,,,0.0,0.003620135746606335,221,True
all_features,GGB1511,,,,0.0051375625,0.0035358823529411765,222,True
all_features,GGB1515,,,,0.000104375,0.0,223,True
all_features,GGB1518,,,,0.0,0.00023262443438914026,224,True
all_features,GGB1523,,,,0.0,1.8371040723981903e-05,225,True
all_features,GGB1525,,,,0.0,0.0010460633484162896,226,True
all_features,GGB1527,,,,0.0,0.0008746606334841629,227,True
all_features,GGB1538,,,,0.22229475,0.027612126696832582,228,True
all_features,GGB1543,,,,0.0,0.0003820814479638009,229,True
all_features,GGB1545,,,,0.012583,0.0,230,True
all_features,GGB1549,,,,0.0,0.0038102714932126695,231,True
all_features,GGB1550,,,,0.030541687500000005,0.04096841628959277,232,True
all_features,GGB1551,,,,6.11875e-05,0.0012228506787330317,233,True
all_features,GGB1552,,,,0.0,0.0007491402714932126,234,True
all_features,GGB1559,,,,0.0,0.0001755656108597285,235,True
all_features,GGB1567,,,,0.033639437499999994,0.03328846153846154,236,True
all_features,GGB1568,,,,0.0,0.002277466063348416,237,True
all_features,GGB1582,,,,0.011066375,0.005588280542986425,238,True
all_features,GGB1615,,,,0.0,0.020370995475113122,239,True
all_features,GGB1617,,,,0.00210775,0.0003370135746606334,240,True
all_features,GGB1618,,,,0.0033873124999999997,0.004035701357466063,241,True
all_features,GGB1621,,,,0.0,0.0008122171945701357,242,True
all_features,GGB1627,,,,0.052174687500000004,0.3394437104072398,243,True
all_features,GGB1629,,,,0.0,0.00398289592760181,244,True
all_features,GGB1631,,,,0.06519781250000001,0.0379220814479638,245,True
all_features,GGB1632,,,,0.12669412500000002,0.026615882352941177,246,True
all_features,GGB1633,,,,0.0032524999999999997,0.01387371040723982,247,True
all_features,GGB1661,,,,0.0010909375000000001,8.819004524886877e-05,248,True
all_features,GGB1662,,,,0.011467000000000001,0.0012892760180995473,249,True
all_features,GGB1663,,,,0.0023025625,0.001354524886877828,250,True
all_features,GGB1671,,,,0.01581825,0.0,251,True
all_features,GGB1672,,,,0.0,0.0001004524886877828,252,True
all_features,GGB1680,,,,0.1983893125,0.037632081447963796,253,True
all_features,GGB1689,,,,0.003542,0.005055656108597285,254,True
all_features,GGB1690,,,,0.0,4.624434389140271e-05,255,True
all_features,GGB1691,,,,0.000373625,0.0012117194570135745,256,True
all_features,GGB18456,,,,0.0011963125,0.0,257,True
all_features,GGB18827,,,,0.0,0.00844180995475113,258,True
all_features,GGB24132,,,,0.0,0.0005010859728506788,259,True
all_features,GGB25056,,,,0.0007255625,0.0008699547511312216,260,True
all_features,GGB25442,,,,4.3312499999999996e-05,0.0,261,True
all_features,GGB2652,,,,0.000383125,0.0006751583710407239,262,True
all_features,GGB2653,,,,0.012746062499999999,0.014360090497737558,263,True
all_features,GGB2657,,,,0.013146625,0.006437466063348417,264,True
all_features,GGB26634,,,,0.0,0.0003616742081447964,265,True
all_features,GGB267,,,,0.00770325,0.0026172850678733033,266,True
all_features,GGB269,,,,0.0036810625,0.0,267,True
all_features,GGB27106,,,,0.00976375,0.009839230769230769,268,True
all_features,GGB2732,,,,0.0001464375,0.0,269,True
all_features,GGB2734,,,,0.008234374999999999,0.04716665158371041,270,True
all_features,GGB27521,,,,0.0,7.25339366515837e-05,271,True
all_features,GGB27848,,,,0.0,6.036199095022624e-05,272,True
all_features,GGB27885,,,,0.0,0.0004234841628959276,273,True
all_features,GGB27887,,,,0.0,0.001251447963800905,274,True
all_features,GGB27924,,,,0.0,0.001729366515837104,275,True
all_features,GGB27930,,,,0.0,0.0005952488687782806,276,True
all_features,GGB28319,,,,0.0009809999999999999,0.0002894117647058824,277,True
all_features,GGB28369,,,,0.004322875,0.00012574660633484164,278,True
all_features,GGB28474,,,,0.0006856875,0.0003441176470588236,279,True
all_features,GGB2848,,,,0.0048898125,0.002548099547511312,280,True
all_features,GGB28640,,,,0.00535875,0.023752624434389143,281,True
all_features,GGB29535,,,,0.0006786875,0.0006842081447963801,282,True
all_features,GGB2958,,,,0.0037728125,0.005658823529411766,283,True
all_features,GGB2970,,,,0.007834437500000001,0.0040320814479638005,284,True
all_features,GGB2972,,,,0.000271875,0.0,285,True
all_features,GGB2977,,,,0.0006641875000000001,0.002742443438914027,286,True
all_features,GGB2980,,,,0.0100954375,0.03214619909502262,287,True
all_features,GGB2982,,,,0.023889875,0.01300262443438914,288,True
all_features,GGB2983,,,,0.007528875,0.0035863800904977375,289,True
all_features,GGB2987,,,,0.004298250000000001,0.0018983257918552033,290,True
all_features,GGB2996,,,,0.011578625,0.005663665158371041,291,True
all_features,GGB2998,,,,0.012666625,0.011134615384615385,292,True
all_features,GGB2999,,,,0.00041306249999999996,0.006678868778280543,293,True
all_features,GGB3000,,,,0.0078258125,0.007315384615384614,294,True
all_features,GGB3001,,,,0.04272225,0.017856606334841627,295,True
all_features,GGB3002,,,,0.0053728125,0.03394656108597285,296,True
all_features,GGB3003,,,,0.000246,0.0002257918552036199,297,True
all_features,GGB3004,,,,0.00044368749999999996,0.004141674208144796,298,True
all_features,GGB30045,,,,0.0,0.0013472398190045249,299,True
all_features,GGB3005,,,,0.08390925,0.1789854298642534,300,True
all_features,GGB3032,,,,0.016070499999999998,0.020277556561085975,301,True
all_features,GGB3033,,,,0.008924,0.00915235294117647,302,True
all_features,GGB3034,,,,0.00273825,0.0011157918552036198,303,True
all_features,GGB3051,,,,0.000488375,0.0018635294117647057,304,True
all_features,GGB3052,,,,0.0019916875,0.028925972850678734,305,True
all_features,GGB3057,,,,0.0037534375000000003,0.00186868778280543,306,True
all_features,GGB3058,,,,0.0013686875,0.00183131221719457,307,True
all_features,GGB3061,,,,0.0024960625,0.0030408144796380088,308,True
all_features,GGB30719,,,,0.0,0.001306289592760181,309,True
all_features,GGB3095,,,,0.0,0.0026477828054298643,310,True
all_features,GGB3100,,,,0.0008428125,0.0005542533936651584,311,True
all_features,GGB3102,,,,0.0,0.001381945701357466,312,True
all_features,GGB3103,,,,0.0045781875,0.0,313,True
all_features,GGB3105,,,,0.0,0.00010330316742081447,314,True
all_features,GGB3109,,,,0.05017262499999999,0.05366361990950226,315,True
all_features,GGB3110,,,,0.0050291875,0.0,316,True
all_features,GGB3111,,,,0.019640125,0.0005628506787330316,317,True
all_features,GGB3118,,,,0.0045019375,0.0034198642533936653,318,True
all_features,GGB3123,,,,0.0007026249999999999,0.0011347511312217195,319,True
all_features,GGB31234,,,,0.00660825,0.0030109049773755655,320,True
all_features,GGB3124,,,,0.0004773125,0.0013492760180995474,321,True
all_features,GGB3126,,,,0.001843125,0.001812262443438914,322,True
all_features,GGB3128,,,,0.0011682499999999998,0.00020018099547511312,323,True
all_features,GGB3129,,,,0.0,1.1357466063348416e-05,324,True
all_features,GGB3130,,,,5.775e-05,0.0007270588235294117,325,True
all_features,GGB3132,,,,0.0004105,0.00017882352941176472,326,True
all_features,GGB3138,,,,0.0007149375000000001,0.0,327,True
all_features,GGB3139,,,,0.000316875,4.705882352941176e-06,328,True
all_features,GGB3140,,,,0.0032371874999999996,9.497737556561087e-05,329,True
all_features,GGB3142,,,,0.01184925,0.0048612669683257915,330,True
all_features,GGB3146,,,,0.0028,0.0006321719457013575,331,True
all_features,GGB31460,,,,0.018376125,0.022099276018099547,332,True
all_features,GGB3152,,,,0.00018649999999999998,0.0006675113122171945,333,True
all_features,GGB3159,,,,0.0,0.0006338009049773756,334,True
all_features,GGB3160,,,,0.0382796875,0.002874570135746606,335,True
all_features,GGB3161,,,,0.00035275,0.000505158371040724,336,True
all_features,GGB3167,,,,0.17853125,0.624587963800905,337,True
all_features,GGB3169,,,,0.006510562499999999,0.014022488687782806,338,True
all_features,GGB3175,,,,0.16439862500000002,0.14836696832579185,339,True
all_features,GGB3176,,,,0.0056561875,0.0041702262443438914,340,True
all_features,GGB31790,,,,0.00932925,0.0026365158371040726,341,True
all_features,GGB3185,,,,0.0,2.4253393665158373e-05,342,True
all_features,GGB3189,,,,0.007858125,0.003678642533936652,343,True
all_features,GGB32033,,,,0.0016469999999999998,0.002332533936651584,344,True
all_features,GGB3204,,,,0.0007595000000000001,3.8009049773755656e-06,345,True
all_features,GGB3213,,,,2.45e-05,0.0,346,True
all_features,GGB3220,,,,0.073072,0.07275049773755657,347,True
all_features,GGB3222,,,,0.00030693750000000003,0.00016981900452488688,348,True
all_features,GGB3236,,,,0.021700249999999997,0.006387963800904978,349,True
all_features,GGB32387,,,,0.00619425,0.005404524886877827,350,True
all_features,GGB32451,,,,0.012801625,0.04308565610859729,351,True
all_features,GGB32487,,,,0.000352,0.0003552488687782805,352,True
all_features,GGB3256,,,,0.2827296875,0.4095100452488688,353,True
all_features,GGB3260,,,,0.007175625,0.0,354,True
all_features,GGB3262,,,,0.0011015,0.0,355,True
all_features,GGB3267,,,,0.08578,0.03118339366515837,356,True
all_features,GGB3271,,,,0.0,0.000889185520361991,357,True
all_features,GGB3275,,,,0.0,5.588235294117647e-05,358,True
all_features,GGB3276,,,,0.00020643750000000002,0.0,359,True
all_features,GGB3277,,,,0.16706000000000001,0.24264923076923078,360,True
all_features,GGB3278,,,,0.174274125,0.12973574660633486,361,True
all_features,GGB3280,,,,0.0029774375,0.001127918552036199,362,True
all_features,GGB3281,,,,0.05638850000000001,0.05362276018099548,363,True
all_features,GGB3285,,,,0.0,0.0005682805429864254,364,True
all_features,GGB3286,,,,0.0,0.00014244343891402716,365,True
all_features,GGB3287,,,,0.00047218750000000006,0.00031918552036199095,366,True
all_features,GGB3288,,,,0.0015299375,0.0016791855203619906,367,True
all_features,GGB3289,,,,0.0014035,0.006709592760180996,368,True
all_features,GGB32900,,,,0.030879562500000002,0.05002538461538462,369,True
all_features,GGB3303,,,,0.009687937499999999,0.031035158371040723,370,True
all_features,GGB3304,,,,0.1862693125,0.3549966515837104,371,True
all_features,GGB3305,,,,0.0049195625,0.005220633484162896,372,True
all_features,GGB3306,,,,0.0261835625,0.025816515837104072,373,True
all_features,GGB3317,,,,0.0,0.0003076923076923077,374,True
all_features,GGB3321,,,,0.0224914375,0.00958733031674208,375,True
all_features,GGB3323,,,,0.004502125,0.001063076923076923,376,True
all_features,GGB33247,,,,0.0020449375,5.307692307692308e-05,377,True
all_features,GGB3325,,,,0.0006613125,5.791855203619909e-05,378,True
all_features,GGB3328,,,,0.0030350000000000004,0.0007177375565610859,379,True
all_features,GGB3329,,,,0.0,0.0001962443438914027,380,True
all_features,GGB33398,,,,0.0004908125,0.0006952036199095022,381,True
all_features,GGB33406,,,,2.275e-05,0.0032099999999999997,382,True
all_features,GGB3343,,,,0.022406624999999996,0.005735384615384615,383,True
all_features,GGB3344,,,,0.0033003124999999994,0.000195158371040724,384,True
all_features,GGB3345,,,,0.10076787499999999,0.05637868778280543,385,True
all_features,GGB33469,,,,0.12539424999999998,0.08733963800904977,386,True
all_features,GGB3351,,,,0.004581875,0.0016212669683257916,387,True
all_features,GGB33512,,,,0.06571681250000001,0.24603742081447963,388,True
all_features,GGB33516,,,,0.0009662500000000001,0.0003947963800904977,389,True
all_features,GGB3352,,,,0.0053325625000000005,0.006743303167420814,390,True
all_features,GGB3353,,,,0.005691,0.0016660180995475113,391,True
all_features,GGB33539,,,,0.000981125,0.0019271945701357467,392,True
all_features,GGB33544,,,,0.0015406875,8.366515837104072e-05,393,True
all_features,GGB33586,,,,0.0109435,0.006899999999999999,394,True
all_features,GGB3360,,,,0.0028452499999999997,0.004186425339366516,395,True
all_features,GGB3363,,,,0.16997856249999999,0.06899149321266967,396,True
all_features,GGB3364,,,,0.019788062500000002,0.004195565610859728,397,True
all_features,GGB3365,,,,0.010768250000000002,0.0019880090497737556,398,True
all_features,GGB33657,,,,0.0,0.032191674208144797,399,True
all_features,GGB33665,,,,0.0015001250000000002,0.011353891402714932,400,True
all_features,GGB33896,,,,0.0067244374999999995,0.00036126696832579184,401,True
all_features,GGB34197,,,,0.0007659374999999999,0.00030009049773755656,402,True
all_features,GGB34228,,,,0.003507375,0.0014652941176470592,403,True
all_features,GGB34231,,,,0.0026119375,0.0024360633484162898,404,True
all_features,GGB3429,,,,0.0018076874999999998,0.0022703167420814476,405,True
all_features,GGB3433,,,,0.2751664375,0.6424874660633485,406,True
all_features,GGB3440,,,,0.0,0.00012497737556561086,407,True
all_features,GGB3441,,,,0.00051425,0.019445339366515837,408,True
all_features,GGB3444,,,,0.0034275625000000005,0.002069366515837104,409,True
all_features,GGB3446,,,,0.0060036875,0.004220045248868778,410,True
all_features,GGB34476,,,,0.0001491875,0.0007424886877828055,411,True
all_features,GGB3449,,,,0.00040393749999999995,0.00024253393665158373,412,True
all_features,GGB3451,,,,0.0050366874999999995,0.009488778280542986,413,True
all_features,GGB34540,,,,0.006672875,0.0018103619909502263,414,True
all_features,GGB3474,,,,0.0023690625,0.0023488235294117643,415,True
all_features,GGB3475,,,,0.008512562500000001,0.03902411764705882,416,True
all_features,GGB3478,,,,0.050687562500000005,0.03823334841628959,417,True
all_features,GGB34797,,,,0.06684512499999999,0.14282425339366517,418,True
all_features,GGB3480,,,,0.0652305,0.05715131221719458,419,True
all_features,GGB3486,,,,0.0359004375,0.009126153846153846,420,True
all_features,GGB3490,,,,0.0290268125,0.011935882352941175,421,True
all_features,GGB34900,,,,0.0093908125,0.00444710407239819,422,True
all_features,GGB3491,,,,0.0119439375,0.006906108597285068,423,True
all_features,GGB3493,,,,0.0017916874999999999,0.007196153846153847,424,True
all_features,GGB3496,,,,0.026508499999999997,0.0439531221719457,425,True
all_features,GGB3497,,,,0.04100325,0.01854470588235294,426,True
all_features,GGB3504,,,,0.0018782500000000001,0.01675755656108597,427,True
all_features,GGB35068,,,,0.0051725625,0.0012890950226244345,428,True
all_features,GGB3510,,,,0.0052060625,0.004140588235294117,429,True
all_features,GGB3511,,,,0.005618375,0.035831900452488685,430,True
all_features,GGB3516,,,,0.0002560625,0.0,431,True
all_features,GGB3517,,,,0.0,0.00025009049773755653,432,True
all_features,GGB3518,,,,0.010683375,0.02098651583710407,433,True
all_features,GGB3519,,,,0.0040265625,0.004076742081447964,434,True
all_features,GGB3528,,,,0.0023771875,0.00026918552036199093,435,True
all_features,GGB3532,,,,0.000207375,0.0011381900452488687,436,True
all_features,GGB3534,,,,0.004059625,0.0020986425339366514,437,True
all_features,GGB3537,,,,0.0049743750000000005,0.023557737556561088,438,True
all_features,GGB3538,,,,0.0051834375000000005,0.0016425339366515836,439,True
all_features,GGB3548,,,,0.015399875000000002,0.014537782805429864,440,True
all_features,GGB3550,,,,0.05265875,0.08655809954751131,441,True
all_features,GGB35551,,,,0.0010611875,0.0015401809954751133,442,True
all_features,GGB35597,,,,0.0020795625,0.00022180995475113119,443,True
all_features,GGB3569,,,,0.0006912499999999999,0.017188280542986427,444,True
all_features,GGB3576,,,,0.009675875,0.03218411764705883,445,True
all_features,GGB3583,,,,0.00121975,0.0010882352941176472,446,True
all_features,GGB3585,,,,0.0024621875,0.006683076923076923,447,True
all_features,GGB3588,,,,0.0081676875,0.011258009049773754,448,True
all_features,GGB3593,,,,0.0015473125,0.004018959276018099,449,True
all_features,GGB3600,,,,0.02343675,0.03056176470588235,450,True
all_features,GGB3602,,,,0.0023870625,0.10994837104072398,451,True
all_features,GGB3603,,,,0.00044062500000000004,0.008968280542986424,452,True
all_features,GGB3606,,,,0.0043871875000000005,0.002852036199095023,453,True
all_features,GGB3609,,,,0.006849000000000001,0.01015737556561086,454,True
all_features,GGB3612,,,,0.1258270625,0.03561819004524887,455,True
all_features,GGB3615,,,,5.062499999999999e-06,0.0004650226244343891,456,True
all_features,GGB3616,,,,0.0001381875,0.002084389140271493,457,True
all_features,GGB3617,,,,0.0,0.006993031674208145,458,True
all_features,GGB3619,,,,0.02434675,0.04069954751131222,459,True
all_features,GGB3622,,,,0.0002611875,0.0064980995475113126,460,True
all_features,GGB3623,,,,0.0007121874999999999,0.01031914027149321,461,True
all_features,GGB3626,,,,0.00184625,0.0026666063348416286,462,True
all_features,GGB36267,,,,0.005015125,0.0030544343891402716,463,True
all_features,GGB3627,,,,0.007718562499999998,0.006365339366515838,464,True
all_features,GGB3632,,,,0.017824125000000003,0.0037455656108597284,465,True
all_features,GGB36331,,,,0.08309412499999999,0.060631674208144797,466,True
all_features,GGB3637,,,,0.06306368749999999,0.005704298642533937,467,True
all_features,GGB3640,,,,0.013867250000000001,0.001980497737556561,468,True
all_features,GGB3649,,,,0.0005071875,0.0063032126696832575,469,True
all_features,GGB3653,,,,0.3184139375,0.6310361990950226,470,True
all_features,GGB3654,,,,0.036034375,0.0006567420814479638,471,True
all_features,GGB36599,,,,0.0010319375,1.3076923076923078e-05,472,True
all_features,GGB3662,,,,0.0006275,0.0,473,True
all_features,GGB3664,,,,3.75e-07,0.0,474,True
all_features,GGB3677,,,,0.0047895624999999995,0.001354343891402715,475,True
all_features,GGB3678,,,,0.0013894374999999998,0.0035730769230769223,476,True
all_features,GGB3680,,,,0.0153795625,0.011418461538461539,477,True
all_features,GGB36925,,,,0.0015029375,0.0,478,True
all_features,GGB3717,,,,3.6e-05,4.4886877828054296e-05,479,True
all_features,GGB3722,,,,0.004418125,0.0120989592760181,480,True
all_features,GGB3724,,,,2.61875e-05,0.0036717647058823527,481,True
all_features,GGB3725,,,,0.00637825,0.00458764705882353,482,True
all_features,GGB3727,,,,4.0625e-05,0.10096280542986426,483,True
all_features,GGB3730,,,,0.0302588125,0.024366923076923078,484,True
all_features,GGB3731,,,,0.0079184375,0.010906515837104074,485,True
all_features,GGB37323,,,,0.0,0.0033366968325791854,486,True
all_features,GGB3733,,,,0.040261625,0.013985067873303168,487,True
all_features,GGB3737,,,,0.0,0.00040773755656108593,488,True
all_features,GGB3738,,,,0.005732875,0.0,489,True
all_features,GGB3740,,,,0.14187612500000002,0.06875502262443439,490,True
all_features,GGB3741,,,,0.021288875,0.0,491,True
all_features,GGB3743,,,,0.002815125,0.00047674208144796377,492,True
all_features,GGB37488,,,,0.0,0.0010858823529411765,493,True
all_features,GGB3751,,,,0.024747375,0.022737285067873304,494,True
all_features,GGB3753,,,,0.0074379375,0.0,495,True
all_features,GGB3754,,,,0.0003450625,0.004861900452488689,496,True
all_features,GGB3755,,,,0.016658749999999996,0.03366538461538461,497,True
all_features,GGB3761,,,,0.0,0.053342805429864255,498,True
all_features,GGB37878,,,,0.001565,0.0,499,True
all_features,GGB38036,,,,1.74375e-05,0.0,500,True
all_features,GGB38079,,,,0.0,0.00996977375565611,501,True
all_features,GGB38145,,,,0.0,0.012772488687782805,502,True
all_features,GGB3816,,,,0.0012956875,0.0015153393665158373,503,True
all_features,GGB3817,,,,0.003237375,0.0023941628959276017,504,True
all_features,GGB3818,,,,0.0048476249999999995,0.0016346153846153845,505,True
all_features,GGB3819,,,,0.015365624999999999,0.01098447963800905,506,True
all_features,GGB38239,,,,0.0028635,0.0012315384615384616,507,True
all_features,GGB3828,,,,0.0033685624999999996,0.00048330316742081444,508,True
all_features,GGB38442,,,,0.0011388125,0.0,509,True
all_features,GGB3859,,,,0.0020171875,0.00011257918552036199,510,True
all_features,GGB3862,,,,0.0030376875,0.0,511,True
all_features,GGB38716,,,,0.0,0.0007997737556561086,512,True
all_features,GGB38744,,,,0.022521875,0.027614570135746606,513,True
all_features,GGB3883,,,,1.7499999999999998e-06,4.579185520361991e-05,514,True
all_features,GGB3892,,,,0.0017582499999999998,0.00013285067873303167,515,True
all_features,GGB38987,,,,0.0007625625,0.004011176470588236,516,True
all_features,GGB39037,,,,0.00230775,0.003970769230769231,517,True
all_features,GGB39570,,,,0.0019310625,0.0,518,True
all_features,GGB40344,,,,8.768750000000001e-05,0.0,519,True
all_features,GGB40351,,,,0.03834412499999999,0.05707610859728507,520,True
all_features,GGB41366,,,,0.028019062499999997,0.018242488687782804,521,True
all_features,GGB41458,,,,0.0038234375,0.0033874660633484164,522,True
all_features,GGB41473,,,,0.0033278125000000005,0.03908180995475113,523,True
all_features,GGB41904,,,,0.0002526875,0.0,524,True
all_features,GGB4197,,,,0.0,0.009594298642533937,525,True
all_features,GGB42184,,,,0.000185375,7.877828054298644e-05,526,True
all_features,GGB4231,,,,0.014471000000000001,0.029953348416289594,527,True
all_features,GGB4237,,,,0.0,0.0076927601809954746,528,True
all_features,GGB42378,,,,0.0007663125,0.0009849321266968325,529,True
all_features,GGB42389,,,,0.0034798125,0.007141900452488688,530,True
all_features,GGB4239,,,,0.018275875,0.026024660633484163,531,True
all_features,GGB42467,,,,0.01223325,0.0,532,True
all_features,GGB4249,,,,0.0008709375,0.0014168325791855203,533,True
all_features,GGB4255,,,,0.0,0.00219,534,True
all_features,GGB4257,,,,0.0,0.006029276018099548,535,True
all_features,GGB4263,,,,0.0,0.005529366515837104,536,True
all_features,GGB42639,,,,0.00019612500000000004,0.000319683257918552,537,True
all_features,GGB4266,,,,0.013322937499999998,0.029398144796380088,538,True
all_features,GGB42689,,,,0.00052825,0.0015060633484162895,539,True
all_features,GGB42711,,,,4.3125e-06,6.063348416289593e-06,540,True
all_features,GGB4277,,,,0.0,0.022164117647058824,541,True
all_features,GGB43675,,,,0.00029525000000000005,0.0126558371040724,542,True
all_features,GGB4386,,,,0.0042824375,0.0,543,True
all_features,GGB44201,,,,0.0007560625000000001,0.0005068778280542986,544,True
all_features,GGB4456,,,,0.0274135625,0.05711511312217195,545,True
all_features,GGB4487,,,,0.0007773125,0.0,546,True
all_features,GGB4536,,,,0.0,1.737556561085973e-05,547,True
all_features,GGB4539,,,,0.0,0.0006833484162895927,548,True
all_features,GGB4541,,,,0.007985500000000001,0.0018606787330316741,549,True
all_features,GGB4542,,,,0.0,0.007124841628959277,550,True
all_features,GGB4543,,,,0.0033515000000000003,0.062127601809954754,551,True
all_features,GGB45432,,,,0.0175494375,0.01925461538461539,552,True
all_features,GGB4546,,,,0.00045656250000000005,0.005535656108597286,553,True
all_features,GGB4547,,,,0.000185875,0.0,554,True
all_features,GGB4549,,,,0.0071448125,0.016794796380090498,555,True
all_features,GGB45491,,,,0.006627999999999999,0.0151041628959276,556,True
all_features,GGB45495,,,,0.0032688125,0.004179547511312217,557,True
all_features,GGB45497,,,,0.0016804999999999997,0.006385565610859728,558,True
all_features,GGB4550,,,,0.0002236875,0.00013855203619909503,559,True
all_features,GGB45503,,,,8.85e-05,0.001670678733031674,560,True
all_features,GGB4552,,,,0.1675094375,0.0920129411764706,561,True
all_features,GGB45537,,,,0.0005910625,0.00028588235294117645,562,True
all_features,GGB4554,,,,0.021492124999999997,0.020535972850678732,563,True
all_features,GGB45540,,,,9.293749999999999e-05,0.00010819004524886879,564,True
all_features,GGB4555,,,,0.0046359999999999995,0.0034294117647058826,565,True
all_features,GGB4557,,,,0.0152111875,0.00035873303167420815,566,True
all_features,GGB4558,,,,0.0334501875,0.009786108597285067,567,True
all_features,GGB4559,,,,0.000265875,0.01668678733031674,568,True
all_features,GGB45596,,,,0.0022537499999999997,0.002263438914027149,569,True
all_features,GGB45599,,,,0.0001495,0.0004789592760180996,570,True
all_features,GGB45600,,,,0.0,0.00030217194570135745,571,True
all_features,GGB45613,,,,0.0003595,0.0007267873303167421,572,True
all_features,GGB4562,,,,0.0025995625000000003,0.005896380090497738,573,True
all_features,GGB45620,,,,0.001159,0.0007773755656108597,574,True
all_features,GGB4563,,,,0.0066605625,0.02124493212669683,575,True
all_features,GGB4564,,,,0.0093345,0.002375294117647059,576,True
all_features,GGB45656,,,,0.0006059374999999999,0.0003946606334841629,577,True
all_features,GGB4566,,,,0.0858725,0.1639318552036199,578,True
all_features,GGB4567,,,,0.2303591875,0.4900014932126697,579,True
all_features,GGB4568,,,,0.0010326250000000001,0.0,580,True
all_features,GGB4569,,,,0.268448375,0.3619457013574661,581,True
all_features,GGB4570,,,,0.0053765625,0.0031845248868778283,582,True
all_features,GGB4571,,,,0.159854375,0.31574533936651583,583,True
all_features,GGB4574,,,,0.0,0.000868054298642534,584,True
all_features,GGB4578,,,,0.0136434375,0.06239742081447964,585,True
all_features,GGB4579,,,,0.0514454375,0.03454303167420814,586,True
all_features,GGB4580,,,,0.0395979375,0.010361719457013573,587,True
all_features,GGB4581,,,,0.0010753125,0.00011941176470588236,588,True
all_features,GGB4583,,,,0.0104939375,0.011585837104072398,589,True
all_features,GGB4584,,,,0.019239,0.042156470588235295,590,True
all_features,GGB4585,,,,0.0959843125,0.10972656108597283,591,True
all_features,GGB4586,,,,0.0095290625,0.0042245248868778285,592,True
all_features,GGB4587,,,,0.04273575,0.019351628959276015,593,True
all_features,GGB4588,,,,0.034878624999999996,0.01565190045248869,594,True
all_features,GGB4589,,,,0.0,0.0012362443438914028,595,True
all_features,GGB4590,,,,0.012414250000000002,0.0,596,True
all_features,GGB4591,,,,0.008031125,0.015762941176470587,597,True
all_features,GGB4592,,,,0.0010505625,0.0046975113122171945,598,True
all_features,GGB4593,,,,0.0208806875,0.009714298642533937,599,True
all_features,GGB4596,,,,0.0861640625,0.08667230769230769,600,True
all_features,GGB4597,,,,0.020318562499999998,0.010288778280542985,601,True
all_features,GGB4598,,,,0.006911375,0.030674841628959275,602,True
all_features,GGB4599,,,,0.279926,0.25243054298642537,603,True
all_features,GGB4601,,,,0.040417125,0.0,604,True
all_features,GGB4602,,,,0.003716625,0.008761628959276018,605,True
all_features,GGB4603,,,,0.05934387499999999,0.02507751131221719,606,True
all_features,GGB4604,,,,0.089681125,0.04543212669683257,607,True
all_features,GGB4605,,,,0.043884187500000005,0.05047597285067874,608,True
all_features,GGB4608,,,,0.012296499999999998,0.00014846153846153845,609,True
all_features,GGB4609,,,,0.0055731875,0.00040447963800904974,610,True
all_features,GGB4610,,,,0.0,0.025267239819004524,611,True
all_features,GGB4611,,,,0.016843000000000004,0.01772737556561086,612,True
all_features,GGB4613,,,,6.875e-07,0.016191357466063348,613,True
all_features,GGB46149,,,,0.0,0.001131628959276018,614,True
all_features,GGB46159,,,,0.0008092500000000001,6.0271493212669686e-05,615,True
all_features,GGB4617,,,,0.0051731875,0.014374886877828057,616,True
all_features,GGB4618,,,,4.025e-05,0.00013728506787330315,617,True
all_features,GGB4620,,,,0.0,0.004280180995475113,618,True
all_features,GGB4626,,,,0.00015250000000000002,0.00041515837104072397,619,True
all_features,GGB4632,,,,0.0224260625,0.002572850678733032,620,True
all_features,GGB4638,,,,0.0,0.0012847058823529413,621,True
all_features,GGB4640,,,,0.015291125,0.001526787330316742,622,True
all_features,GGB4641,,,,0.0115355,0.003495067873303167,623,True
all_features,GGB4642,,,,0.03321175,0.027427511312217198,624,True
all_features,GGB4644,,,,0.0318775625,0.017899638009049774,625,True
all_features,GGB4651,,,,0.0032303749999999997,0.021070995475113125,626,True
all_features,GGB4652,,,,0.0011099375,0.0,627,True
all_features,GGB4653,,,,0.004002562499999999,0.008178506787330318,628,True
all_features,GGB4657,,,,0.001042125,0.0005983257918552037,629,True
all_features,GGB4658,,,,0.0144870625,0.0005935746606334843,630,True
all_features,GGB4659,,,,0.017110999999999998,0.013874253393665157,631,True
all_features,GGB4661,,,,2.4812499999999997e-05,0.005319185520361991,632,True
all_features,GGB4662,,,,0.0,2.5610859728506787e-05,633,True
all_features,GGB4664,,,,0.0236325,0.01494963800904977,634,True
all_features,GGB4667,,,,0.0,0.0011438461538461537,635,True
all_features,GGB4669,,,,0.010785687499999998,0.003130588235294117,636,True
all_features,GGB4671,,,,0.0,0.004271176470588235,637,True
all_features,GGB4672,,,,0.00477625,0.0029456108597285067,638,True
all_features,GGB4674,,,,0.0015493125,0.0,639,True
all_features,GGB4676,,,,0.011946749999999997,0.02914398190045249,640,True
all_features,GGB4678,,,,0.0,0.0004653846153846154,641,True
all_features,GGB4681,,,,0.0035480625,0.0014991855203619912,642,True
all_features,GGB4682,,,,0.021607625,0.007025837104072398,643,True
all_features,GGB4683,,,,0.109486375,0.04411013574660633,644,True
all_features,GGB4684,,,,0.14618443750000001,0.09405334841628958,645,True
all_features,GGB4686,,,,0.010557374999999999,0.0,646,True
all_features,GGB4687,,,,0.028283812499999998,0.0,647,True
all_features,GGB4689,,,,0.0491111875,0.06465389140271492,648,True
all_features,GGB4691,,,,0.0,0.00770262443438914,649,True
all_features,GGB4693,,,,0.0398635625,7.556561085972851e-06,650,True
all_features,GGB4694,,,,0.0105435625,0.040168325791855204,651,True
all_features,GGB4695,,,,0.005894,0.00048140271493212676,652,True
all_features,GGB4697,,,,0.0023128124999999998,0.002527466063348416,653,True
all_features,GGB4698,,,,0.010255875000000001,0.0032840271493212673,654,True
all_features,GGB4699,,,,0.0814814375,0.05766918552036199,655,True
all_features,GGB4700,,,,0.036134625000000004,0.03978140271493212,656,True
all_features,GGB4701,,,,0.0,0.0008486425339366515,657,True
all_features,GGB4702,,,,0.0037806874999999998,0.0,658,True
all_features,GGB4703,,,,0.0336598125,0.029151402714932124,659,True
all_features,GGB4704,,,,0.0033659375,0.000725972850678733,660,True
all_features,GGB4706,,,,0.0038373125,0.0,661,True
all_features,GGB4707,,,,0.011501062500000001,0.009902307692307691,662,True
all_features,GGB4708,,,,0.0009983125,0.009494524886877829,663,True
all_features,GGB4710,,,,0.017181250000000002,0.018961176470588238,664,True
all_features,GGB4711,,,,0.007101250000000001,0.0041680542986425335,665,True
all_features,GGB4713,,,,0.10375531249999999,0.029917556561085974,666,True
all_features,GGB4714,,,,0.0,3.0678733031674206e-05,667,True
all_features,GGB47148,,,,0.0,0.13548054298642534,668,True
all_features,GGB4715,,,,0.0106121875,0.002814343891402715,669,True
all_features,GGB47150,,,,0.00028406249999999997,0.00044176470588235293,670,True
all_features,GGB4716,,,,0.0,0.0011710407239819006,671,True
all_features,GGB4717,,,,0.0280165,0.0033378733031674207,672,True
all_features,GGB47174,,,,0.007073875,0.0017547511312217196,673,True
all_features,GGB4722,,,,0.013384499999999999,0.007483800904977376,674,True
all_features,GGB4723,,,,0.010748125,0.04516547511312217,675,True
all_features,GGB4726,,,,0.0029805,0.007817601809954751,676,True
all_features,GGB4727,,,,0.047545312500000006,0.0,677,True
all_features,GGB4729,,,,0.0037833125000000002,0.046238280542986426,678,True
all_features,GGB4738,,,,0.0,0.0022879638009049774,679,True
all_features,GGB4739,,,,0.0053266875,0.004967194570135746,680,True
all_features,GGB4745,,,,0.10867556249999999,0.054253574660633484,681,True
all_features,GGB4748,,,,0.0004930625,0.0,682,True
all_features,GGB4749,,,,0.0,7.167420814479638e-05,683,True
all_features,GGB4750,,,,0.0758735,0.03911764705882353,684,True
all_features,GGB4751,,,,0.0012611875000000002,4.615384615384615e-06,685,True
all_features,GGB4754,,,,0.1365755625,0.05390986425339365,686,True
all_features,GGB4768,,,,0.22849824999999999,0.007678959276018101,687,True
all_features,GGB47687,,,,0.21208668749999998,0.07643972850678733,688,True
all_features,GGB4769,,,,0.1797118125,0.006550497737556561,689,True
all_features,GGB4771,,,,0.0069915624999999995,0.0,690,True
all_features,GGB4773,,,,0.00166625,0.0069105429864253385,691,True
all_features,GGB4774,,,,0.008672875,0.0025807239819004525,692,True
all_features,GGB4780,,,,0.0,0.001257918552036199,693,True
all_features,GGB4802,,,,0.0012076874999999998,0.0006119909502262442,694,True
all_features,GGB48148,,,,1.7062499999999998e-05,0.0,695,True
all_features,GGB48165,,,,0.0012786874999999999,0.0017938461538461541,696,True
all_features,GGB48168,,,,0.0013228125,0.004316606334841629,697,True
all_features,GGB48169,,,,0.00023674999999999998,0.00018954751131221718,698,True
all_features,GGB4884,,,,0.0014733125,0.0018087330316742083,699,True
all_features,GGB4888,,,,0.0034743125,0.0003665158371040724,700,True
all_features,GGB49418,,,,0.00011606249999999998,0.0001767420814479638,701,True
all_features,GGB4964,,,,0.000799125,0.0,702,True
all_features,GGB4978,,,,0.0,0.0011523981900452489,703,True
all_features,GGB50802,,,,0.0,6.9230769230769225e-06,704,True
all_features,GGB51139,,,,0.003632249999999999,0.0035694117647058826,705,True
all_features,GGB51269,,,,0.12606475,0.060615656108597295,706,True
all_features,GGB51441,,,,0.010805937500000001,0.00788289592760181,707,True
all_features,GGB51454,,,,3.1062499999999996e-05,0.05522343891402715,708,True
all_features,GGB51647,,,,0.7533676874999999,0.5621414479638009,709,True
all_features,GGB51658,,,,0.0009514999999999999,0.0042252036199095025,710,True
all_features,GGB51884,,,,0.0107555625,0.0038,711,True
all_features,GGB51959,,,,0.0036894375,0.004723076923076924,712,True
all_features,GGB51960,,,,0.00026337500000000005,0.0004444343891402715,713,True
all_features,GGB52002,,,,0.0026560625,0.001363529411764706,714,True
all_features,GGB52106,,,,0.001857,0.0011542986425339366,715,True
all_features,GGB52130,,,,0.0041113125,0.0030411312217194565,716,True
all_features,GGB52283,,,,0.00015143750000000002,0.00021226244343891404,717,True
all_features,GGB52306,,,,0.000520875,0.0,718,True
all_features,GGB52382,,,,0.0,5.380090497737556e-05,719,True
all_features,GGB52930,,,,0.0006205000000000001,0.00012742081447963803,720,True
all_features,GGB53007,,,,0.0003573125,0.0,721,True
all_features,GGB53380,,,,0.0013233750000000001,0.0008504072398190047,722,True
all_features,GGB55957,,,,0.0006175,0.0004821266968325792,723,True
all_features,GGB58067,,,,0.0007005,0.0005680995475113122,724,True
all_features,GGB58071,,,,0.00016237500000000003,1.565610859728507e-05,725,True
all_features,GGB58158,,,,0.0024171875,0.0018289592760180997,726,True
all_features,GGB58233,,,,0.0003678125,0.00018180995475113122,727,True
all_features,GGB58485,,,,0.0020416249999999996,0.0005938914027149322,728,True
all_features,GGB5973,,,,4.29375e-05,0.004889140271493213,729,True
all_features,GGB5975,,,,0.0,0.0043094570135746605,730,True
all_features,GGB5979,,,,0.0034731875,0.0007090045248868778,731,True
all_features,GGB5980,,,,0.024919125000000004,0.022466470588235293,732,True
all_features,GGB5988,,,,0.0232376875,5.022624434389141e-06,733,True
all_features,GGB5994,,,,0.0,2.9999999999999997e-05,734,True
all_features,GGB5997,,,,0.0202664375,0.0004499095022624434,735,True
all_features,GGB5998,,,,0.0021644375,0.0017841628959276018,736,True
all_features,GGB6001,,,,0.00487625,0.0011160180995475114,737,True
all_features,GGB6002,,,,0.016574125000000002,0.011115339366515837,738,True
all_features,GGB6005,,,,0.0,0.000628054298642534,739,True
all_features,GGB6006,,,,0.037866874999999994,0.005551538461538461,740,True
all_features,GGB6007,,,,0.020509375,0.016268778280542986,741,True
all_features,GGB6010,,,,0.0080736875,0.001934343891402715,742,True
all_features,GGB6011,,,,0.0,6.366515837104072e-05,743,True
all_features,GGB6012,,,,0.0,0.005120090497737557,744,True
all_features,GGB6013,,,,0.0,0.0002404524886877828,745,True
all_features,GGB6015,,,,7.1625e-05,0.0033011764705882353,746,True
all_features,GGB6016,,,,0.036871749999999995,0.00815027149321267,747,True
all_features,GGB6019,,,,0.0,0.00018574660633484164,748,True
all_features,GGB6020,,,,0.003782375,0.005949819004524887,749,True
all_features,GGB6074,,,,0.0,0.005062443438914027,750,True
all_features,GGB6123,,,,0.029625250000000002,0.008287330316742081,751,True
all_features,GGB6127,,,,7.6875e-06,0.0004097737556561086,752,True
all_features,GGB6128,,,,0.0037599375,0.003056742081447964,753,True
all_features,GGB6129,,,,0.0013580625000000001,0.0007475565610859728,754,True
all_features,GGB6132,,,,0.008371875,0.002410135746606335,755,True
all_features,GGB6133,,,,0.0,0.00037981900452488686,756,True
all_features,GGB6134,,,,0.0027739374999999995,0.000997918552036199,757,True
all_features,GGB6470,,,,0.0032279375,0.0015426696832579185,758,True
all_features,GGB6512,,,,0.007549437500000001,0.008197285067873303,759,True
all_features,GGB6513,,,,0.0002246875,0.0015118099547511313,760,True
all_features,GGB6518,,,,0.008736375,0.004483710407239818,761,True
all_features,GGB6519,,,,0.00844325,0.0011566515837104073,762,True
all_features,GGB6520,,,,0.000199125,0.0,763,True
all_features,GGB6521,,,,0.0009118125,0.00015330316742081447,764,True
all_features,GGB6522,,,,0.0014066875,0.00016262443438914027,765,True
all_features,GGB6528,,,,0.0159176875,0.0,766,True
all_features,GGB6544,,,,0.0154204375,0.007312850678733032,767,True
all_features,GGB6546,,,,0.0,0.001547556561085973,768,True
all_features,GGB6565,,,,0.034329750000000006,0.010097013574660632,769,True
all_features,GGB6566,,,,0.0006400625,0.000661628959276018,770,True
all_features,GGB6568,,,,0.0,0.0006192307692307693,771,True
all_features,GGB6572,,,,0.0,0.00010289592760180995,772,True
all_features,GGB6574,,,,0.0023645625,0.010416199095022624,773,True
all_features,GGB6585,,,,0.0,0.010763619909502264,774,True
all_features,GGB6586,,,,0.0,0.0002420814479638009,775,True
all_features,GGB6593,,,,0.0,0.008389864253393666,776,True
all_features,GGB6600,,,,0.0,0.00038950226244343895,777,True
all_features,GGB6601,,,,0.2553933125,0.06939067873303167,778,True
all_features,GGB6606,,,,0.23366950000000003,0.036692624434389136,779,True
all_features,GGB6608,,,,0.060495875,0.05430968325791855,780,True
all_features,GGB6609,,,,8.5625e-06,0.00039389140271493215,781,True
all_features,GGB6610,,,,0.009664875,0.006894434389140272,782,True
all_features,GGB6611,,,,0.0033415625,0.0007959728506787331,783,True
all_features,GGB6612,,,,0.337506125,0.1671737556561086,784,True
all_features,GGB6613,,,,0.20336693749999996,0.1764271040723982,785,True
all_features,GGB6614,,,,0.0,7.46606334841629e-06,786,True
all_features,GGB6648,,,,9.612499999999999e-05,0.00019841628959276018,787,True
all_features,GGB6649,,,,0.0036083124999999995,0.001995927601809955,788,True
all_features,GGB70521,,,,0.0,0.0007661538461538461,789,True
all_features,GGB70869,,,,0.0010334375,0.0,790,True
all_features,GGB71575,,,,0.0004859375,0.0025584615384615385,791,True
all_features,GGB71580,,,,0.00056175,0.00045271493212669685,792,True
all_features,GGB741,,,,0.0006783749999999999,0.0014669230769230768,793,True
all_features,GGB74220,,,,0.0,0.003711447963800905,794,True
all_features,GGB74447,,,,0.057600312499999994,0.0,795,True
all_features,GGB74463,,,,0.00047443750000000003,0.0007731221719457014,796,True
all_features,GGB74505,,,,0.0057466875,0.010987556561085972,797,True
all_features,GGB74511,,,,0.014067125000000003,0.021474886877828055,798,True
all_features,GGB74518,,,,0.0,0.0002923981900452489,799,True
all_features,GGB74665,,,,0.0494856875,0.021433076923076926,800,True
all_features,GGB74700,,,,0.00030981250000000003,0.0007518099547511312,801,True
all_features,GGB74701,,,,0.0041071250000000005,6.628959276018099e-05,802,True
all_features,GGB74703,,,,0.0007688749999999999,0.0008105882352941176,803,True
all_features,GGB74708,,,,0.0,7.095022624434389e-05,804,True
all_features,GGB74802,,,,0.0009243125,0.002223891402714932,805,True
all_features,GGB74818,,,,0.0,0.0006920814479638009,806,True
all_features,GGB74827,,,,0.00033175,0.00037040723981900456,807,True
all_features,GGB75022,,,,0.0,0.0003312669683257918,808,True
all_features,GGB75029,,,,0.000625625,9.099547511312216e-05,809,True
all_features,GGB75036,,,,0.00011981249999999999,0.0,810,True
all_features,GGB756,,,,0.0,0.0029017194570135746,811,True
all_features,GGB759,,,,4.61875e-05,0.042211583710407244,812,True
all_features,GGB765,,,,0.0,0.0011194117647058824,813,True
all_features,GGB77341,,,,0.0013797500000000001,0.0,814,True
all_features,GGB779,,,,0.0,0.0007729411764705883,815,True
all_features,GGB781,,,,0.717979375,0.39716778280542986,816,True
all_features,GGB78706,,,,0.00015618750000000002,0.0,817,True
all_features,GGB78781,,,,0.0034894375,0.0033564253393665155,818,True
all_features,GGB78970,,,,0.0008985,0.0,819,True
all_features,GGB79050,,,,0.0,1.4660633484162894e-05,820,True
all_features,GGB79087,,,,1.3125000000000001e-06,0.0010761990950226244,821,True
all_features,GGB79097,,,,0.0006951250000000001,0.00018031674208144794,822,True
all_features,GGB79104,,,,8.725e-05,0.002064524886877828,823,True
all_features,GGB79118,,,,0.0036331875,0.0018799095022624431,824,True
all_features,GGB79121,,,,7.431249999999998e-05,0.00034701357466063344,825,True
all_features,GGB79229,,,,8.625e-06,0.0,826,True
all_features,GGB79342,,,,0.00011518750000000001,0.0002204977375565611,827,True
all_features,GGB79384,,,,0.0,1.4162895927601809e-05,828,True
all_features,GGB79394,,,,0.0007164999999999999,0.0008208597285067873,829,True
all_features,GGB79395,,,,0.00018506249999999998,0.00032647058823529406,830,True
all_features,GGB79417,,,,0.0005083749999999999,6.606334841628959e-05,831,True
all_features,GGB79420,,,,0.0006383749999999999,1.692307692307692e-05,832,True
all_features,GGB81342,,,,0.001598875,0.08900022624434388,833,True
all_features,GGB84235,,,,3.90625e-05,4.714932126696833e-05,834,True
all_features,GGB84348,,,,2.50625e-05,3.583710407239819e-05,835,True
all_features,GGB84917,,,,0.0001196875,0.001231764705882353,836,True
all_features,GGB87334,,,,0.0034135,0.006669411764705881,837,True
all_features,GGB87445,,,,0.1992064375,0.1770050226244344,838,True
all_features,GGB8965,,,,0.001576,2.7737556561085974e-05,839,True
all_features,GGB9045,,,,0.0059691250000000005,0.0,840,True
all_features,GGB9046,,,,0.0035759375,0.0012873755656108597,841,True
all_features,GGB9047,,,,0.006606375,0.0,842,True
all_features,GGB9048,,,,0.0078788125,8.552036199095022e-06,843,True
all_features,GGB9051,,,,0.000555,0.0,844,True
all_features,GGB9052,,,,0.0,0.00011203619909502262,845,True
all_features,GGB9056,,,,0.0079285625,0.001669502262443439,846,True
all_features,GGB9057,,,,0.003532875,0.0,847,True
all_features,GGB9058,,,,0.00854925,0.0,848,True
all_features,GGB9059,,,,0.2162730625,0.05068642533936652,849,True
all_features,GGB9060,,,,0.0022160625,0.002242579185520362,850,True
all_features,GGB9061,,,,0.01147,0.004572217194570136,851,True
all_features,GGB9062,,,,0.01180325,0.003934072398190046,852,True
all_features,GGB9063,,,,0.0176395625,0.006203303167420815,853,True
all_features,GGB9064,,,,0.018768812500000003,0.0028065610859728503,854,True
all_features,GGB9065,,,,0.0012121875000000002,0.0014644343891402716,855,True
all_features,GGB9066,,,,0.0,0.001957466063348416,856,True
all_features,GGB9071,,,,0.000722375,0.0032422171945701355,857,True
all_features,GGB9072,,,,0.0013616875,0.0,858,True
all_features,GGB9073,,,,7.3625e-05,0.00024665158371040723,859,True
all_features,GGB9074,,,,0.003318,0.0009809049773755656,860,True
all_features,GGB9075,,,,0.0048198749999999995,0.0,861,True
all_features,GGB9076,,,,0.0,6.864253393665158e-05,862,True
all_features,GGB9079,,,,0.0017776875000000002,0.0,863,True
all_features,GGB9080,,,,0.0,0.001574389140271493,864,True
all_features,GGB9081,,,,5.7562499999999996e-05,0.0037689592760180995,865,True
all_features,GGB9082,,,,0.0010036249999999997,0.000693212669683258,866,True
all_features,GGB9083,,,,0.00013975,0.00039959276018099545,867,True
all_features,GGB9085,,,,0.0014408749999999999,0.003565022624434389,868,True
all_features,GGB9086,,,,0.0032404999999999995,2.2126696832579186e-05,869,True
all_features,GGB9088,,,,0.0015518749999999999,0.0011114027149321268,870,True
all_features,GGB9089,,,,0.0064201875000000005,0.004320859728506788,871,True
all_features,GGB9090,,,,0.0005567500000000001,0.0010669230769230769,872,True
all_features,GGB9091,,,,0.0038625000000000005,0.0017593665158371038,873,True
all_features,GGB9092,,,,0.0045163124999999995,0.0015671493212669682,874,True
all_features,GGB9093,,,,0.0074254375,0.0030971040723981897,875,True
all_features,GGB9094,,,,0.01571925,0.0,876,True
all_features,GGB9095,,,,0.0015565625,0.0005638914027149322,877,True
all_features,GGB9101,,,,0.0,0.00010755656108597285,878,True
all_features,GGB9102,,,,0.0005480000000000001,0.001413348416289593,879,True
all_features,GGB9104,,,,0.00079275,0.0010408597285067873,880,True
all_features,GGB9106,,,,0.000114375,0.0006552941176470588,881,True
all_features,GGB9108,,,,0.0014791875,0.0010023529411764705,882,True
all_features,GGB9109,,,,0.0116271875,0.0037299095022624434,883,True
all_features,GGB9110,,,,0.0028161875,0.003915429864253394,884,True
all_features,GGB9111,,,,0.0009651875000000001,1.9638009049773755e-05,885,True
all_features,GGB9112,,,,0.0020105625,5.610859728506787e-06,886,True
all_features,GGB9115,,,,0.0029823125,0.0009065158371040724,887,True
all_features,GGB9116,,,,0.0021371249999999997,0.0009354751131221719,888,True
all_features,GGB9117,,,,0.0033971249999999995,0.0019866968325791858,889,True
all_features,GGB9137,,,,0.0033024375000000003,0.0006044796380090497,890,True
all_features,GGB9141,,,,0.0008239375,0.0,891,True
all_features,GGB9146,,,,0.0006371875,0.0,892,True
all_features,GGB9147,,,,0.0097916875,0.004137466063348416,893,True
all_features,GGB9149,,,,0.00368175,0.0,894,True
all_features,GGB9150,,,,0.0,0.012201357466063347,895,True
all_features,GGB9161,,,,0.0797116875,0.00012135746606334842,896,True
all_features,GGB9168,,,,0.1496015,0.00023524886877828054,897,True
all_features,GGB9169,,,,0.0015224375,0.00047515837104072396,898,True
all_features,GGB9170,,,,0.001779625,0.0,899,True
all_features,GGB9171,,,,0.00048668750000000003,0.0027109502262443437,900,True
all_features,GGB9172,,,,0.011124625,0.006395067873303167,901,True
all_features,GGB9175,,,,0.0029625,0.0013685972850678734,902,True
all_features,GGB9176,,,,0.12396268749999999,0.049405520361990946,903,True
all_features,GGB9178,,,,0.0018998125,0.0,904,True
all_features,GGB9184,,,,0.02606525,0.059995294117647056,905,True
all_features,GGB9185,,,,0.0036964375,0.002642533936651583,906,True
all_features,GGB9186,,,,0.00538225,0.0032487782805429868,907,True
all_features,GGB9189,,,,0.0037299375,0.002788280542986425,908,True
all_features,GGB9192,,,,0.0002574375,0.0,909,True
all_features,GGB9197,,,,0.0042145,0.002023846153846154,910,True
all_features,GGB9198,,,,0.0083955625,0.004286470588235294,911,True
all_features,GGB9199,,,,0.004393375000000001,0.0008727601809954751,912,True
all_features,GGB9200,,,,0.0012466875,0.0019159276018099543,913,True
all_features,GGB9209,,,,0.0020618750000000003,0.00010031674208144797,914,True
all_features,GGB9210,,,,0.007156875000000002,0.006760452488687782,915,True
all_features,GGB9211,,,,0.0233111875,0.0018333484162895927,916,True
all_features,GGB9224,,,,0.00041593749999999997,0.00028235294117647056,917,True
all_features,GGB9225,,,,0.000429,0.0002872850678733032,918,True
all_features,GGB9237,,,,0.00814975,0.005863076923076922,919,True
all_features,GGB9238,,,,0.000817625,0.0013952036199095022,920,True
all_features,GGB9239,,,,0.0012669375,0.005233212669683259,921,True
all_features,GGB9240,,,,0.008959749999999999,0.008845656108597284,922,True
all_features,GGB9243,,,,0.0001421875,0.0011772398190045249,923,True
all_features,GGB9247,,,,0.0054021875,0.001997782805429864,924,True
all_features,GGB9249,,,,0.0115361875,0.006126334841628959,925,True
all_features,GGB9252,,,,0.0002549375,0.0006623981900452489,926,True
all_features,GGB9253,,,,0.0042728125,0.003082171945701358,927,True
all_features,GGB9256,,,,0.001210625,0.0019909049773755654,928,True
all_features,GGB9258,,,,0.017296875,0.007089773755656109,929,True
all_features,GGB9260,,,,0.005423875,0.00028135746606334843,930,True
all_features,GGB9261,,,,0.044954125,0.01732235294117647,931,True
all_features,GGB9262,,,,0.0006545625,0.005793981900452489,932,True
all_features,GGB9263,,,,0.0024349375,0.0025386877828054303,933,True
all_features,GGB9264,,,,0.0123776875,0.0016583710407239818,934,True
all_features,GGB9266,,,,0.0184984375,0.0036044343891402713,935,True
all_features,GGB9267,,,,0.0047886874999999995,0.002169864253393665,936,True
all_features,GGB9271,,,,0.014538437500000001,0.0003619457013574661,937,True
all_features,GGB9275,,,,0.000653875,0.0012248416289592759,938,True
all_features,GGB9276,,,,0.0,0.002033212669683258,939,True
all_features,GGB9277,,,,0.0058461875,0.0022873755656108597,940,True
all_features,GGB9278,,,,0.0238938125,0.007214615384615384,941,True
all_features,GGB9279,,,,0.002047625,0.0016026696832579185,942,True
all_features,GGB9280,,,,5.3124999999999995e-06,0.000603710407239819,943,True
all_features,GGB9282,,,,0.0035310625,0.0008978733031674208,944,True
all_features,GGB9285,,,,0.0132226875,0.0003567420814479638,945,True
all_features,GGB9286,,,,0.00660775,0.0,946,True
all_features,GGB9287,,,,0.0014521249999999999,0.00010099547511312218,947,True
all_features,GGB9288,,,,0.0080535,0.003290904977375566,948,True
all_features,GGB9289,,,,0.0031891875,0.0020412217194570137,949,True
all_features,GGB9290,,,,0.006118625,0.0033201809954751128,950,True
all_features,GGB9291,,,,0.004693625,0.003653484162895927,951,True
all_features,GGB9293,,,,0.005184375,0.013245113122171944,952,True
all_features,GGB9296,,,,0.012327625,0.011095248868778282,953,True
all_features,GGB9297,,,,0.001170875,0.0007619909502262443,954,True
all_features,GGB9299,,,,0.0034520625,0.0007260180995475112,955,True
all_features,GGB9301,,,,0.0016608750000000002,0.0014907692307692308,956,True
all_features,GGB9302,,,,0.0022950625,0.003404841628959277,957,True
all_features,GGB9303,,,,0.00137425,0.0003671945701357466,958,True
all_features,GGB9309,,,,0.0011183125,0.003104027149321267,959,True
all_features,GGB9328,,,,0.008043625,0.03469963800904977,960,True
all_features,GGB9331,,,,0.014537875,0.014243891402714932,961,True
all_features,GGB9332,,,,0.0017714375,0.04923579185520362,962,True
all_features,GGB9333,,,,0.00020912499999999997,0.0003881447963800905,963,True
all_features,GGB9334,,,,0.030837875000000004,0.0006607239819004524,964,True
all_features,GGB9336,,,,2.4187500000000002e-05,0.0,965,True
all_features,GGB9342,,,,0.24629618749999999,0.3412854751131222,966,True
all_features,GGB9343,,,,0.0171261875,0.022822262443438913,967,True
all_features,GGB9345,,,,0.12499037500000001,0.19778466063348418,968,True
all_features,GGB9346,,,,4.38125e-05,0.0,969,True
all_features,GGB9347,,,,0.06333031250000001,0.08871004524886877,970,True
all_features,GGB9348,,,,0.0034158125000000004,0.002435384615384615,971,True
all_features,GGB9349,,,,0.0,0.04033868778280543,972,True
all_features,GGB9350,,,,0.06584306250000001,0.06936325791855204,973,True
all_features,GGB9354,,,,0.0020295,0.0015276470588235294,974,True
all_features,GGB9355,,,,0.008322625,0.0034272398190045247,975,True
all_features,GGB9356,,,,0.0,0.017890859728506788,976,True
all_features,GGB9357,,,,0.004873187500000001,0.0027865610859728507,977,True
all_features,GGB9358,,,,0.004442,0.00023031674208144796,978,True
all_features,GGB9359,,,,0.0257428125,0.04158918552036199,979,True
all_features,GGB9361,,,,0.0171013125,0.003171764705882353,980,True
all_features,GGB9364,,,,0.0096766875,0.0048492760180995475,981,True
all_features,GGB9365,,,,0.120515,0.14677954751131225,982,True
all_features,GGB9370,,,,0.0001665625,0.00020262443438914026,983,True
all_features,GGB9380,,,,0.0004961875,6.846153846153847e-05,984,True
all_features,GGB9383,,,,0.0,4.7239819004524884e-05,985,True
all_features,GGB9411,,,,0.0037776250000000006,0.0005123529411764706,986,True
all_features,GGB9412,,,,0.039207625,0.0559272850678733,987,True
all_features,GGB9420,,,,0.00030868750000000004,0.0013390045248868779,988,True
all_features,GGB9421,,,,0.0044213125,0.0,989,True
all_features,GGB9423,,,,0.0,0.0011790950226244342,990,True
all_features,GGB9424,,,,0.0051965625,0.010010678733031676,991,True
all_features,GGB9425,,,,0.0004246875,8.144796380090498e-06,992,True
all_features,GGB9434,,,,0.0005499999999999999,0.00010588235294117647,993,True
all_features,GGB9439,,,,0.0,0.0016392760180995475,994,True
all_features,GGB9444,,,,0.00487125,0.001620995475113122,995,True
all_features,GGB9445,,,,0.004502375,0.00044276018099547506,996,True
all_features,GGB9450,,,,0.000124,0.006686968325791855,997,True
all_features,GGB9452,,,,4.00625e-05,0.002519185520361991,998,True
all_features,GGB9453,,,,0.0621674375,0.12390475113122172,999,True
all_features,GGB9454,,,,0.0016720625,0.002336561085972851,1000,True
all_features,GGB9455,,,,0.00021006250000000002,0.00011995475113122171,1001,True
all_features,GGB9457,,,,0.0012306250000000002,0.00011357466063348415,1002,True
all_features,GGB9463,,,,0.0259129375,0.003619547511312217,1003,True
all_features,GGB9464,,,,0.38665200000000005,1.1023734841628958,1004,True
all_features,GGB9466,,,,0.0029858124999999998,0.00038859728506787335,1005,True
all_features,GGB9469,,,,0.051013187500000015,0.13202185520361992,1006,True
all_features,GGB9474,,,,0.0009584375000000001,0.0010882805429864252,1007,True
all_features,GGB9476,,,,0.0009358750000000001,0.0006483257918552035,1008,True
all_features,GGB9480,,,,0.37719187499999995,0.6659809049773756,1009,True
all_features,GGB9491,,,,0.0018557499999999998,0.0023184615384615388,1010,True
all_features,GGB9495,,,,0.0181373125,0.010067737556561086,1011,True
all_features,GGB9499,,,,0.0022903125,0.007717918552036199,1012,True
all_features,GGB9501,,,,0.0061871875,0.004437239819004525,1013,True
all_features,GGB9502,,,,0.025850625,0.016464117647058824,1014,True
all_features,GGB9508,,,,0.0012271875,0.0033321266968325794,1015,True
all_features,GGB9509,,,,0.026648250000000002,0.009486561085972851,1016,True
all_features,GGB9511,,,,0.001862375,0.0038107239819004527,1017,True
all_features,GGB9512,,,,0.0713454375,0.10098239819004524,1018,True
all_features,GGB9513,,,,0.0,1.4705882352941175e-05,1019,True
all_features,GGB9522,,,,0.0132375,0.010008823529411764,1020,True
all_features,GGB9523,,,,0.0062881875,0.01039054298642534,1021,True
all_features,GGB9524,,,,0.0799370625,0.05284723981900453,1022,True
all_features,GGB9525,,,,0.0016835625,0.0003827601809954752,1023,True
all_features,GGB9529,,,,0.0057701875,0.005726742081447965,1024,True
all_features,GGB9530,,,,0.0006346875,0.0005544343891402715,1025,True
all_features,GGB9531,,,,0.013760875,0.017948597285067872,1026,True
all_features,GGB9532,,,,0.0023875624999999995,0.00027615384615384617,1027,True
all_features,GGB9533,,,,0.0010589375,0.0019616742081447966,1028,True
all_features,GGB9534,,,,0.024060375000000002,0.012529366515837102,1029,True
all_features,GGB9536,,,,0.000651625,0.0007316742081447964,1030,True
all_features,GGB9537,,,,0.0034698750000000007,0.0010556561085972851,1031,True
all_features,GGB9540,,,,5.9250000000000004e-05,0.00023262443438914026,1032,True
all_features,GGB9542,,,,6.131249999999999e-05,0.001508235294117647,1033,True
all_features,GGB9543,,,,0.0002655625,0.00015212669683257917,1034,True
all_features,GGB9545,,,,0.0053598125,0.0028948416289592766,1035,True
all_features,GGB9547,,,,0.037212625,0.029227511312217198,1036,True
all_features,GGB9548,,,,0.0005102500000000001,0.00020461538461538463,1037,True
all_features,GGB9551,,,,0.005063125,0.003977873303167421,1038,True
all_features,GGB9559,,,,0.016509812500000002,0.011889366515837106,1039,True
all_features,GGB9561,,,,0.00465275,0.006058235294117647,1040,True
all_features,GGB9563,,,,0.00820425,0.0034616289592760184,1041,True
all_features,GGB9574,,,,0.007048750000000001,0.0026189140271493214,1042,True
all_features,GGB9575,,,,0.00031025000000000003,0.0005582805429864254,1043,True
all_features,GGB9580,,,,0.004009687499999999,0.006437601809954751,1044,True
all_features,GGB9582,,,,0.0018028125,0.008632036199095023,1045,True
all_features,GGB9583,,,,0.01810825,0.042236289592760184,1046,True
all_features,GGB9589,,,,0.000464,8.32579185520362e-06,1047,True
all_features,GGB9590,,,,0.0083518125,0.003395429864253394,1048,True
all_features,GGB9591,,,,0.0013139999999999998,0.0017413122171945701,1049,True
all_features,GGB9592,,,,0.0,0.002770814479638009,1050,True
all_features,GGB9593,,,,0.0035058124999999994,0.006613348416289594,1051,True
all_features,GGB9595,,,,0.0054720624999999995,0.005569004524886878,1052,True
all_features,GGB9597,,,,0.010788625,0.002964343891402715,1053,True
all_features,GGB9602,,,,0.1687373125,0.13036072398190043,1054,True
all_features,GGB9603,,,,0.00043024999999999997,0.0043784615384615385,1055,True
all_features,GGB9604,,,,0.0,0.0012841176470588234,1056,True
all_features,GGB9606,,,,0.0007345625,0.000990814479638009,1057,True
all_features,GGB9607,,,,0.0,0.00030244343891402714,1058,True
all_features,GGB9608,,,,0.005774437499999999,0.006530995475113122,1059,True
all_features,GGB9611,,,,0.0017971874999999997,0.0014360633484162895,1060,True
all_features,GGB9613,,,,0.0014517500000000001,0.00362131221719457,1061,True
all_features,GGB9614,,,,0.032974187499999995,0.013680769230769229,1062,True
all_features,GGB9616,,,,0.026315374999999995,0.014800995475113122,1063,True
all_features,GGB9618,,,,0.00790075,0.0029237104072398186,1064,True
all_features,GGB9619,,,,0.0159145,0.01122868778280543,1065,True
all_features,GGB9620,,,,0.0077149375,0.012564479638009048,1066,True
all_features,GGB9621,,,,0.026022875,0.010766877828054298,1067,True
all_features,GGB9623,,,,0.0099869375,0.00248420814479638,1068,True
all_features,GGB9627,,,,0.013797062500000002,0.018126153846153847,1069,True
all_features,GGB9628,,,,0.00019893749999999998,0.0019636651583710405,1070,True
all_features,GGB9630,,,,0.000864,0.06092963800904977,1071,True
all_features,GGB9634,,,,0.1055094375,0.11296031674208146,1072,True
all_features,GGB9635,,,,0.3334420625,0.32966859728506787,1073,True
all_features,GGB9636,,,,0.047947375,0.04581140271493213,1074,True
all_features,GGB9637,,,,0.0013193125,0.0024457466063348412,1075,True
all_features,GGB9640,,,,0.013323249999999998,0.0071425791855203626,1076,True
all_features,GGB9641,,,,0.012335062500000002,0.008386515837104072,1077,True
all_features,GGB9642,,,,0.027726812499999996,0.03348009049773756,1078,True
all_features,GGB9645,,,,1.625e-05,0.0,1079,True
all_features,GGB9646,,,,0.0031695,0.0024420361990950224,1080,True
all_features,GGB9667,,,,0.0255445625,0.021883212669683263,1081,True
all_features,GGB9668,,,,0.000373125,0.0006487330316742081,1082,True
all_features,GGB9672,,,,0.0016316875,0.0,1083,True
all_features,GGB9673,,,,0.01164275,0.050821447963800906,1084,True
all_features,GGB9675,,,,0.0106105,0.016507194570135747,1085,True
all_features,GGB9676,,,,0.0,0.001133529411764706,1086,True
all_features,GGB9677,,,,0.0019874375,0.038806832579185525,1087,True
all_features,GGB9686,,,,0.007017000000000001,0.0012924886877828054,1088,True
all_features,GGB9687,,,,0.000697625,0.0003118099547511312,1089,True
all_features,GGB9690,,,,0.016937999999999998,0.010916923076923078,1090,True
all_features,GGB9691,,,,0.021125625000000002,0.03445533936651584,1091,True
all_features,GGB9694,,,,0.018597812499999998,0.09262457013574661,1092,True
all_features,GGB9695,,,,0.0022444375,0.010984796380090499,1093,True
all_features,GGB9696,,,,0.0035841250000000005,0.00023701357466063345,1094,True
all_features,GGB9697,,,,0.0106446875,0.004488778280542986,1095,True
all_features,GGB9699,,,,0.16245062500000002,0.20745705882352938,1096,True
all_features,GGB9701,,,,0.008432125,0.007938325791855204,1097,True
all_features,GGB9707,,,,0.0223054375,0.014442669683257916,1098,True
all_features,GGB9708,,,,0.22142325000000002,0.19320832579185518,1099,True
all_features,GGB9710,,,,3.8125e-05,0.006420542986425339,1100,True
all_features,GGB9711,,,,0.001923125,0.0010741628959276019,1101,True
all_features,GGB9712,,,,0.05742875000000001,0.04475877828054299,1102,True
all_features,GGB9715,,,,0.4931751875,0.4740452036199095,1103,True
all_features,GGB9716,,,,0.0014954999999999999,0.0004958823529411764,1104,True
all_features,GGB9717,,,,5.9562500000000004e-05,0.0,1105,True
all_features,GGB9719,,,,0.0694458125,0.13747692307692308,1106,True
all_features,GGB9724,,,,0.0019149374999999995,0.002773348416289593,1107,True
all_features,GGB9729,,,,1.3999999999999998e-05,1.5520361990950226e-05,1108,True
all_features,GGB9730,,,,0.06574674999999999,0.053342443438914026,1109,True
all_features,GGB9737,,,,0.00999975,0.012366108597285066,1110,True
all_features,GGB9739,,,,0.020082375000000003,0.02570968325791855,1111,True
all_features,GGB9743,,,,0.0007304375,0.0006911312217194569,1112,True
all_features,GGB9747,,,,0.11001512500000002,0.10154515837104072,1113,True
all_features,GGB9758,,,,0.518273875,0.25991524886877826,1114,True
all_features,GGB9759,,,,0.013600125000000001,0.009319864253393664,1115,True
all_features,GGB9760,,,,0.1097126875,0.10814619909502261,1116,True
all_features,GGB9762,,,,0.01177375,0.013755113122171946,1117,True
all_features,GGB9763,,,,0.000141875,0.0,1118,True
all_features,GGB9764,,,,0.0013518125000000001,0.0011300904977375567,1119,True
all_features,GGB9765,,,,0.0114598125,0.03339927601809955,1120,True
all_features,GGB9766,,,,0.004435,0.0024346606334841626,1121,True
all_features,GGB9767,,,,0.011390500000000001,0.010390226244343891,1122,True
all_features,GGB9768,,,,0.0006455,0.00024547511312217194,1123,True
all_features,GGB9769,,,,7.918750000000001e-05,0.00037552036199095025,1124,True
all_features,GGB9770,,,,0.0735053125,0.12436886877828054,1125,True
all_features,GGB9773,,,,0.0003135625,0.0028548416289592756,1126,True
all_features,GGB9774,,,,0.0047608125,0.0034129864253393677,1127,True
all_features,GGB9775,,,,0.006985187499999999,0.018408416289592763,1128,True
all_features,GGB9778,,,,0.000385375,0.0007433936651583712,1129,True
all_features,GGB9779,,,,0.0001188125,0.00015733031674208142,1130,True
all_features,GGB9780,,,,0.0026569375,0.0012329864253393665,1131,True
all_features,GGB9781,,,,0.016120875,0.03148656108597286,1132,True
all_features,GGB9782,,,,0.0062666250000000005,0.007306696832579186,1133,True
all_features,GGB9783,,,,0.0010408750000000001,0.0019140271493212672,1134,True
all_features,GGB9784,,,,0.0005014374999999999,0.00018199095022624433,1135,True
all_features,GGB9785,,,,0.004784,0.008868823529411764,1136,True
all_features,GGB9786,,,,0.0019876250000000002,0.0017152941176470588,1137,True
all_features,GGB9787,,,,0.0015119999999999999,0.0010519004524886877,1138,True
all_features,GGB9788,,,,0.0032586250000000002,0.0018571040723981901,1139,True
all_features,GGB9790,,,,0.0055576875,0.0035923076923076924,1140,True
all_features,GGB9813,,,,0.005983125000000001,0.013303710407239818,1141,True
all_features,GGB9815,,,,0.0034130625,0.0,1142,True
all_features,GGB9817,,,,0.0,0.00018262443438914026,1143,True
all_features,GGB9818,,,,0.00783675,0.003837737556561086,1144,True
all_features,GGB9819,,,,0.0014716875000000001,0.003912081447963801,1145,True
all_features,GGB9832,,,,0.0002861875,0.0005076470588235294,1146,True
all_features,Gordonibacter,,,,0.0520095,0.05873904977375566,1147,True
all_features,Granulicatella,,,,0.0008655625,0.00198262443438914,1148,True
all_features,Guopingia,,,,0.0031889375,0.004225565610859729,1149,True
all_features,Haemophilus,,,,0.013039875000000001,0.003166470588235294,1150,True
all_features,Hafnia,,,,0.00796575,1.574660633484163e-05,1151,True
all_features,Hallella,,,,0.0,0.015675610859728507,1152,True
all_features,Helicobacter,,,,0.0,0.0002764253393665158,1153,True
all_features,Holdemanella,,,,0.2700931875,0.4605730316742081,1154,True
all_features,Holdemania,,,,0.028190749999999997,0.01265900452488688,1155,True
all_features,Hungatella,,,,0.013167250000000002,0.006916153846153846,1156,True
all_features,Hydrogeniiclostridium,,,,0.009714249999999999,0.004406470588235294,1157,True
all_features,Hydrogenoanaerobacterium,,,,0.029288500000000002,0.014578778280542987,1158,True
all_features,Intestinibacillus,,,,0.00012687499999999998,0.00043990950226244343,1159,True
all_features,Intestinibacter,,,,0.05077025,0.07976656108597287,1160,True
all_features,Intestinimonas,,,,0.0434039375,0.05526710407239818,1161,True
all_features,Jingyaoa,,,,0.007905875,0.004536651583710406,1162,True
all_features,Jutongia,,,,0.0344695,0.031102262443438913,1163,True
all_features,Kerstersia,,,,0.0,0.0003317194570135747,1164,True
all_features,Kineothrix,,,,0.0698360625,0.08772072398190045,1165,True
all_features,Klebsiella,,,,0.156780375,0.159330407239819,1166,True
all_features,Lachnoanaerobaculum,,,,0.0,4.755656108597285e-05,1167,True
all_features,Lachnoclostridium,,,,0.13209306250000002,0.17575425339366516,1168,True
all_features,Lachnospira,,,,1.9907521875,0.9428032126696833,1169,True
all_features,Lachnospiraceae_unclassified,,,,4.151939499999999,4.082529321266969,1170,True
all_features,Lachnotalea,,,,0.003788375,0.0021728959276018102,1171,True
all_features,Lacrimispora,,,,0.093501625,0.040114751131221725,1172,True
all_features,Lacticaseibacillus,,,,0.0125360625,0.009605384615384616,1173,True
all_features,Lactiplantibacillus,,,,9.818750000000001e-05,0.000687737556561086,1174,True
all_features,Lactobacillus,,,,0.0066306875,0.11062239819004525,1175,True
all_features,Lactococcus,,,,0.081671625,0.03289303167420814,1176,True
all_features,Lactonifactor,,,,0.0038855625000000006,0.0035490045248868776,1177,True
all_features,Lancefieldella,,,,0.00011150000000000001,0.0005400452488687783,1178,True
all_features,Latilactobacillus,,,,0.0009379375000000001,0.0005244343891402715,1179,True
all_features,Lautropia,,,,0.0,4.832579185520362e-05,1180,True
all_features,Lawsonella,,,,1.65625e-05,3.461538461538461e-05,1181,True
all_features,Lawsonibacter,,,,0.13442418750000001,0.0949254298642534,1182,True
all_features,Lentihominibacter,,,,0.05582393750000001,0.11110588235294118,1183,True
all_features,Leptotrichia,,,,0.0001429375,3.2760180995475116e-05,1184,True
all_features,Leuconostoc,,,,0.00279875,0.0007990497737556561,1185,True
all_features,Levilactobacillus,,,,2.9187499999999998e-05,0.0003715384615384615,1186,True
all_features,Ligaoa,,,,0.0004894375000000001,8.384615384615386e-05,1187,True
all_features,Ligilactobacillus,,,,0.025401687500000002,0.2608741628959276,1188,True
all_features,Limosilactobacillus,,,,0.00676525,0.01715045248868778,1189,True
all_features,Listeria,,,,0.0,8.262443438914026e-05,1190,True
all_features,Longibaculum,,,,0.0127945,0.1332939819004525,1191,True
all_features,Longicatena,,,,0.1501005,0.1728637556561086,1192,True
all_features,Luoshenia,,,,0.00058925,0.0024599095022624436,1193,True
all_features,Luxibacter,,,,8.6875e-06,8.778280542986426e-06,1194,True
all_features,Marinomonas,,,,0.0001280625,4.4524886877828056e-05,1195,True
all_features,Marseilla,,,,0.0052956875,0.022069411764705883,1196,True
all_features,Marvinbryantia,,,,0.012149499999999999,0.06736909502262443,1197,True
all_features,Massilicoli,,,,0.0005058125,0.002761809954751131,1198,True
all_features,Massiliimalia,,,,0.0023449375000000002,0.003918371040723982,1199,True
all_features,Massilimicrobiota,,,,0.03915375,0.06756891402714933,1200,True
all_features,Massilioclostridium,,,,0.0047343125,0.0023015384615384616,1201,True
all_features,Massilistercora,,,,0.0112314375,0.03708977375565611,1202,True
all_features,Mediterranea,,,,0.0144544375,0.0,1203,True
all_features,Mediterraneibacter,,,,1.6963065,3.0309638914027146,1204,True
all_features,Megamonas,,,,0.0381300625,0.04982036199095023,1205,True
all_features,Megasphaera,,,,0.046986812499999996,0.00922452488687783,1206,True
all_features,Merdibacter,,,,7.837500000000001e-05,4.1447963800904975e-05,1207,True
all_features,Merdimonas,,,,0.007079374999999999,0.005801176470588236,1208,True
all_features,Mesosutterella,,,,0.0023185625000000003,0.0027582805429864255,1209,True
all_features,Methanobrevibacter,,,,0.36311974999999996,1.2140350226244343,1210,True
all_features,Methanomassiliicoccaceae_unclassified,,,,0.0007364375,0.004001085972850678,1211,True
all_features,Methanomassiliicoccus,,,,0.0026246875,0.0,1212,True
all_features,Methanosphaera,,,,0.015937812500000002,0.03610773755656109,1213,True
all_features,Micrococcus,,,,1.35e-05,0.0,1214,True
all_features,Mitsuokella,,,,0.0036650000000000003,0.010004298642533936,1215,True
all_features,Mobiluncus,,,,6.59375e-05,0.0,1216,True
all_features,Mogibacterium,,,,0.0058796249999999994,0.06504316742081447,1217,True
all_features,Monoglobus,,,,0.14792175000000002,0.24441529411764706,1218,True
all_features,Moraxella,,,,0.0,0.0002476470588235294,1219,True
all_features,Mordavella,,,,0.0,0.0014409502262443439,1220,True
all_features,Murimonas,,,,0.0005933749999999999,0.00017633484162895926,1221,True
all_features,Negativibacillus,,,,0.014957312499999997,0.03407357466063348,1222,True
all_features,Neglectibacter,,,,0.0430335,0.09846018099547513,1223,True
all_features,Neisseria,,,,3.35e-05,0.0001692307692307692,1224,True
all_features,Neobittarella,,,,0.002097375,0.0009269683257918551,1225,True
all_features,Odoribacter,,,,0.22225068750000002,0.15097864253393664,1226,True
all_features,Oliverpabstia,,,,0.3897539375,0.554708778280543,1227,True
all_features,Olsenella,,,,0.0016368124999999998,0.0006979638009049773,1228,True
all_features,Oribacterium,,,,7.625e-06,0.00014199095022624433,1229,True
all_features,Oscillibacter,,,,0.880172125,0.5244781900452489,1230,True
all_features,Oscillospiraceae_unclassified,,,,2.0969914375000003,1.9280736651583712,1231,True
all_features,Oxalobacter,,,,0.0024013125,0.0023150678733031677,1232,True
all_features,Paeniclostridium,,,,0.00039518750000000003,0.0,1233,True
all_features,Parabacteroides,,,,1.1023921875,0.9350988235294118,1234,True
all_features,Paracandidimonas,,,,3.79375e-05,0.0,1235,True
all_features,Paraclostridium,,,,0.0001058125,0.0,1236,True
all_features,Paraeggerthella,,,,0.0008603125,0.0022970135746606334,1237,True
all_features,Parafannyhessea,,,,0.010609,0.0,1238,True
all_features,Paraprevotella,,,,0.165005375,0.07330031674208144,1239,True
all_features,Parascardovia,,,,5.625e-07,3.737556561085973e-05,1240,True
all_features,Parasutterella,,,,0.1667546875,0.1080062443438914,1241,True
all_features,Paratractidigestivibacter,,,,0.00597475,0.01234737556561086,1242,True
all_features,Parolsenella,,,,0.0050609375,0.0016420814479638007,1243,True
all_features,Parvibacter,,,,9.8125e-06,0.0,1244,True
all_features,Parvimonas,,,,0.002427,0.001197873303167421,1245,True
all_features,Pediococcus,,,,0.002692,0.001024343891402715,1246,True
all_features,Peptacetobacter,,,,0.0139784375,0.030436742081447966,1247,True
all_features,Peptoniphilus,,,,0.00024875,0.0029596832579185522,1248,True
all_features,Peptostreptococcus,,,,0.0,0.00012022624434389139,1249,True
all_features,Phascolarctobacterium,,,,0.4890436875,0.4642037556561086,1250,True
all_features,Phocaeicola,,,,5.563596250000001,4.07069366515837,1251,True
all_features,Phocea,,,,0.002606,0.0010190950226244345,1252,True
all_features,Phoenicibacter,,,,0.0006381875000000001,0.0005528054298642534,1253,True
all_features,Porphyromonas,,,,0.0004454375,0.0006191855203619909,1254,True
all_features,Prevotella,,,,0.5478120625,0.5077253393665159,1255,True
all_features,Prevotellamassilia,,,,0.0,0.02395701357466063,1256,True
all_features,Propionibacterium,,,,0.0028005,0.003174434389140271,1257,True
all_features,Proteus,,,,0.0006380625,0.00022755656108597286,1258,True
all_features,Provencibacterium,,,,0.0027899375,0.0016754751131221723,1259,True
all_features,Providencia,,,,0.0006075625,0.0,1260,True
all_features,Pseudocitrobacter,,,,8.06875e-05,0.0,1261,True
all_features,Pseudoflavonifractor,,,,0.0298710625,0.029921583710407238,1262,True
all_features,Pseudomonas,,,,0.008054,0.00024271493212669684,1263,True
all_features,Pseudoruminococcus,,,,0.1616425,0.24574597285067873,1264,True
all_features,Psychrobacter,,,,0.0003055,0.00011447963800904977,1265,True
all_features,Puniceicoccaceae_unclassified,,,,0.010069812499999999,0.0025864705882352942,1266,True
all_features,Pygmaiobacter,,,,5.9687499999999994e-05,0.0,1267,True
all_features,Pyramidobacter,,,,0.0,0.0009107239819004525,1268,True
all_features,Qiania,,,,0.0,4.158371040723982e-05,1269,True
all_features,Qingrenia,,,,0.0015599999999999998,6.606334841628959e-06,1270,True
all_features,Raoultella,,,,0.002238125,0.006429366515837104,1271,True
all_features,Raoultibacter,,,,0.0007706249999999999,0.0009673303167420815,1272,True
all_features,Rikenella,,,,0.00248475,0.0,1273,True
all_features,Rikenellaceae_unclassified,,,,0.11069275,0.16472506787330318,1274,True
all_features,Romboutsia,,,,0.0801613125,0.15054095022624436,1275,True
all_features,Roseburia,,,,2.9933901874999997,1.8386548416289594,1276,True
all_features,Rothia,,,,0.0017451249999999997,0.008313665158371042,1277,True
all_features,Rubneribacter,,,,0.0032371250000000004,0.005164162895927602,1278,True
all_features,Ruminococcus,,,,4.14633475,5.494664253393665,1279,True
all_features,Ruthenibacterium,,,,0.166215,0.12930239819004527,1280,True
all_features,Saccharomyces,,,,0.0,7.20814479638009e-05,1281,True
all_features,Saezia,,,,3.9687499999999996e-05,0.0,1282,True
all_features,Salmonella,,,,1.35e-05,0.0,1283,True
all_features,Sanguibacteroides,,,,0.0008709375,0.0005999547511312218,1284,True
all_features,Sarcina,,,,0.0,0.0002076923076923077,1285,True
all_features,Scardovia,,,,5.2875000000000005e-05,7.918552036199094e-06,1286,True
all_features,Schaalia,,,,0.015523875000000001,0.03238366515837104,1287,True
all_features,Secundilactobacillus,,,,0.0,3.1221719457013574e-06,1288,True
all_features,Segatella,,,,2.120007875,1.575135882352941,1289,True
all_features,Selenomonas,,,,0.0,2.1266968325791853e-06,1290,True
all_features,Sellimonas,,,,0.059332937499999995,0.08869470588235294,1291,True
all_features,Senegalimassilia,,,,0.015542,0.04223701357466063,1292,True
all_features,Shuttleworthia,,,,0.0,4.6470588235294114e-05,1293,True
all_features,Simiaoa,,,,0.3027885,0.2697966968325792,1294,True
all_features,Slackia,,,,0.025647125000000003,0.06163891402714932,1295,True
all_features,Sneathia,,,,0.0,1.2669683257918552e-06,1296,True
all_features,Solobacterium,,,,0.0005943750000000001,0.001542760180995475,1297,True
all_features,Staphylococcus,,,,0.00025325,0.00035140271493212675,1298,True
all_features,Streptococcus,,,,0.9184955624999999,1.4586658823529413,1299,True
all_features,Succinatimonas,,,,0.0,9.18552036199095e-05,1300,True
all_features,Sutterella,,,,0.24886287499999998,0.19521221719457013,1301,True
all_features,Terrisporobacter,,,,0.0012029999999999999,0.00035434389140271495,1302,True
all_features,Thermophilibacter,,,,0.00032525,0.002041628959276018,1303,True
all_features,Tractidigestivibacter,,,,0.000757125,0.0,1304,True
all_features,Traorella,,,,0.0026731249999999997,0.004291855203619909,1305,True
all_features,Tropheryma,,,,3.5625e-05,0.0,1306,True
all_features,Turicibacter,,,,0.015628937500000002,0.02318737556561086,1307,True
all_features,Turicimonas,,,,0.0005103125,0.0017797285067873304,1308,True
all_features,Tyzzerella,,,,0.0482778125,0.059766787330316734,1309,True
all_features,Vagococcus,,,,5.9375e-06,0.0,1310,True
all_features,Varibaculum,,,,0.0,0.00010095022624434388,1311,True
all_features,Veillonella,,,,0.08438812500000001,0.061065610859728496,1312,True
all_features,Veillonellaceae_unclassified,,,,0.0015559375,0.0008778733031674208,1313,True
all_features,Velocimicrobium,,,,0.0,6.393665158371041e-05,1314,True
all_features,Vescimonas,,,,0.2464664375,0.30760022624434386,1315,True
all_features,Vibrio,,,,4.39375e-05,1.5384615384615384e-05,1316,True
all_features,Victivallis,,,,0.0182515625,0.0057473303167420815,1317,True
all_features,Wansuia,,,,0.0159841875,0.01585579185520362,1318,True
all_features,Weissella,,,,0.001136125,0.011811538461538462,1319,True
all_features,Wujia,,,,0.371825125,0.33424117647058826,1320,True
all_features,Yanshouia,,,,0.0026544999999999997,0.0021535746606334842,1321,True
all_features,Yeguia,,,,0.0001410625,0.0005553846153846154,1322,True
all_features,Youxingia,,,,0.0005436250000000001,0.00034339366515837103,1323,True
all_features,Zhenhengia,,,,0.0050049375,0.0009832579185520363,1324,True
all_features,Zhenpiania,,,,0.0086653125,0.008656153846153846,1325,True
all_features,Absiella,,,,0.0,0.0,1326,True
all_features,Acetobacter,,,,0.0,0.0,1327,True
all_features,Asaccharobacter,,,,0.0,0.0,1328,True
all_features,Atopobium,,,,0.0,0.0,1329,True
all_features,Azospirillum,,,,0.0,0.0,1330,True
all_features,Bacillus,,,,0.0,0.0,1331,True
all_features,Candidatus_Melainabacteria_unclassified,,,,0.0,0.0,1332,True
all_features,Cardiobacterium,,,,0.0,0.0,1333,True
all_features,Catabacter,,,,0.0,0.0,1334,True
all_features,Clavibacter,,,,0.0,0.0,1335,True
all_features,Clostridiales_Family_XIII_Incertae_Sedis_unclassified,,,,0.0,0.0,1336,True
all_features,Clostridiales_unclassified,,,,0.0,0.0,1337,True
all_features,Coraliomargarita,,,,0.0,0.0,1338,True
all_features,Corallococcus,,,,0.0,0.0,1339,True
all_features,Cryptobacterium,,,,0.0,0.0,1340,True
all_features,Desulfovibrionaceae_unclassified,,,,0.0,0.0,1341,True
all_features,Eikenella,,,,0.0,0.0,1342,True
all_features,Enterorhabdus,,,,0.0,0.0,1343,True
all_features,Harryflintia,,,,0.0,0.0,1344,True
all_features,Kingella,,,,0.0,0.0,1345,True
all_features,Kocuria,,,,0.0,0.0,1346,True
all_features,Lentisphaerae_unclassified,,,,0.0,0.0,1347,True
all_features,Massiliomicrobiota,,,,0.0,0.0,1348,True
all_features,Mycoplasma,,,,0.0,0.0,1349,True
all_features,Peptostreptococcaceae_unclassified,,,,0.0,0.0,1350,True
all_features,Proteobacteria_unclassified,,,,0.0,0.0,1351,True
all_features,Pseudopropionibacterium,,,,0.0,0.0,1352,True
all_features,Pseudoramibacter,,,,0.0,0.0,1353,True
all_features,Ruminococcaceae_unclassified,,,,0.0,0.0,1354,True
all_features,Rummeliibacillus,,,,0.0,0.0,1355,True
all_features,Stomatobaculum,,,,0.0,0.0,1356,True
all_features,Subdoligranulum,,,,0.0,0.0,1357,True
all_features,Tannerella,,,,0.0,0.0,1358,True
all_features,Victivallales_unclassified,,,,0.0,0.0,1359,True
